problem_type_id,grade,unit_id,unit_name,type_name,description,concept_ids,default_difficulty,error_tags,source_orders,raw_section_id,status
M2_PROB_PT001,중2,M2_PROBABILITY,확률,한 가지 사건의 경우의 수 - 기본 판별,"경우의 수 범주의 '한 가지 사건의 경우의 수' 유형을 진단한다. 학생이 전체 경우, 사건 조건, 중복·누락 점검, 확률식 연결을 할 수 있는지 확인한다.",M2_PROB_C001|M2_PROB_C002,core,counting|sample_space|case_count,1,M2_PROB_RAW_001,curated_problem_type_from_raw_taxonomy
M2_PROB_PT002,중2,M2_PROBABILITY,확률,한 가지 사건의 경우의 수 - 조건 적용,"경우의 수 범주의 '한 가지 사건의 경우의 수' 유형을 진단한다. 학생이 전체 경우, 사건 조건, 중복·누락 점검, 확률식 연결을 할 수 있는지 확인한다.",M2_PROB_C001|M2_PROB_C002,standard,counting|sample_space|case_count,1,M2_PROB_RAW_001,curated_problem_type_from_raw_taxonomy
M2_PROB_PT003,중2,M2_PROBABILITY,확률,한 가지 사건의 경우의 수 - 활용 추론,"경우의 수 범주의 '한 가지 사건의 경우의 수' 유형을 진단한다. 학생이 전체 경우, 사건 조건, 중복·누락 점검, 확률식 연결을 할 수 있는지 확인한다.",M2_PROB_C001|M2_PROB_C002,advanced,counting|sample_space|case_count,1,M2_PROB_RAW_001,curated_problem_type_from_raw_taxonomy
M2_PROB_PT004,중2,M2_PROBABILITY,확률,여러 가지 경우의 수(1) 순서쌍을 이용하여 푸는 경우 - 기본 판별,"경우의 수 범주의 '여러 가지 경우의 수(1) 순서쌍을 이용하여 푸는 경우' 유형을 진단한다. 학생이 전체 경우, 사건 조건, 중복·누락 점검, 확률식 연결을 할 수 있는지 확인한다.",M2_PROB_C003|M2_PROB_C005,core,counting|sample_space|case_count,1,M2_PROB_RAW_002,curated_problem_type_from_raw_taxonomy
M2_PROB_PT005,중2,M2_PROBABILITY,확률,여러 가지 경우의 수(1) 순서쌍을 이용하여 푸는 경우 - 조건 적용,"경우의 수 범주의 '여러 가지 경우의 수(1) 순서쌍을 이용하여 푸는 경우' 유형을 진단한다. 학생이 전체 경우, 사건 조건, 중복·누락 점검, 확률식 연결을 할 수 있는지 확인한다.",M2_PROB_C003|M2_PROB_C005,standard,counting|sample_space|case_count,1,M2_PROB_RAW_002,curated_problem_type_from_raw_taxonomy
M2_PROB_PT006,중2,M2_PROBABILITY,확률,여러 가지 경우의 수(1) 순서쌍을 이용하여 푸는 경우 - 활용 추론,"경우의 수 범주의 '여러 가지 경우의 수(1) 순서쌍을 이용하여 푸는 경우' 유형을 진단한다. 학생이 전체 경우, 사건 조건, 중복·누락 점검, 확률식 연결을 할 수 있는지 확인한다.",M2_PROB_C003|M2_PROB_C005,advanced,counting|sample_space|case_count,1,M2_PROB_RAW_002,curated_problem_type_from_raw_taxonomy
M2_PROB_PT007,중2,M2_PROBABILITY,확률,여러 가지 경우의 수(2) 나뭇가지 모양 그림을 이용하여 푸는 경우 - 기본 판별,"경우의 수 범주의 '여러 가지 경우의 수(2) 나뭇가지 모양 그림을 이용하여 푸는 경우' 유형을 진단한다. 학생이 전체 경우, 사건 조건, 중복·누락 점검, 확률식 연결을 할 수 있는지 확인한다.",M2_PROB_C003|M2_PROB_C005,core,counting|sample_space|case_count,2,M2_PROB_RAW_003,curated_problem_type_from_raw_taxonomy
M2_PROB_PT008,중2,M2_PROBABILITY,확률,여러 가지 경우의 수(2) 나뭇가지 모양 그림을 이용하여 푸는 경우 - 조건 적용,"경우의 수 범주의 '여러 가지 경우의 수(2) 나뭇가지 모양 그림을 이용하여 푸는 경우' 유형을 진단한다. 학생이 전체 경우, 사건 조건, 중복·누락 점검, 확률식 연결을 할 수 있는지 확인한다.",M2_PROB_C003|M2_PROB_C005,standard,counting|sample_space|case_count,2,M2_PROB_RAW_003,curated_problem_type_from_raw_taxonomy
M2_PROB_PT009,중2,M2_PROBABILITY,확률,여러 가지 경우의 수(2) 나뭇가지 모양 그림을 이용하여 푸는 경우 - 활용 추론,"경우의 수 범주의 '여러 가지 경우의 수(2) 나뭇가지 모양 그림을 이용하여 푸는 경우' 유형을 진단한다. 학생이 전체 경우, 사건 조건, 중복·누락 점검, 확률식 연결을 할 수 있는지 확인한다.",M2_PROB_C003|M2_PROB_C005,advanced,counting|sample_space|case_count,2,M2_PROB_RAW_003,curated_problem_type_from_raw_taxonomy
M2_PROB_PT010,중2,M2_PROBABILITY,확률,돈을 지불하는 경우의 수 - 기본 판별,"경우의 수 범주의 '돈을 지불하는 경우의 수' 유형을 진단한다. 학생이 전체 경우, 사건 조건, 중복·누락 점검, 확률식 연결을 할 수 있는지 확인한다.",M2_PROB_C006|M2_PROB_C021,core,counting|sample_space|case_count,2,M2_PROB_RAW_004,curated_problem_type_from_raw_taxonomy
M2_PROB_PT011,중2,M2_PROBABILITY,확률,돈을 지불하는 경우의 수 - 조건 적용,"경우의 수 범주의 '돈을 지불하는 경우의 수' 유형을 진단한다. 학생이 전체 경우, 사건 조건, 중복·누락 점검, 확률식 연결을 할 수 있는지 확인한다.",M2_PROB_C006|M2_PROB_C021,standard,counting|sample_space|case_count,2,M2_PROB_RAW_004,curated_problem_type_from_raw_taxonomy
M2_PROB_PT012,중2,M2_PROBABILITY,확률,돈을 지불하는 경우의 수 - 활용 추론,"경우의 수 범주의 '돈을 지불하는 경우의 수' 유형을 진단한다. 학생이 전체 경우, 사건 조건, 중복·누락 점검, 확률식 연결을 할 수 있는지 확인한다.",M2_PROB_C006|M2_PROB_C021,advanced,counting|sample_space|case_count,2,M2_PROB_RAW_004,curated_problem_type_from_raw_taxonomy
M2_PROB_PT013,중2,M2_PROBABILITY,확률,경우의 수의 합(1) 숫자를 선택하거나 주사위를 던지는 경우 - 기본 판별,"경우의 수 범주의 '경우의 수의 합(1) 숫자를 선택하거나 주사위를 던지는 경우' 유형을 진단한다. 학생이 전체 경우, 사건 조건, 중복·누락 점검, 확률식 연결을 할 수 있는지 확인한다.",M2_PROB_C004|M2_PROB_C024,core,counting|sample_space|case_count|addition_rule,2,M2_PROB_RAW_005,curated_problem_type_from_raw_taxonomy
M2_PROB_PT014,중2,M2_PROBABILITY,확률,경우의 수의 합(1) 숫자를 선택하거나 주사위를 던지는 경우 - 조건 적용,"경우의 수 범주의 '경우의 수의 합(1) 숫자를 선택하거나 주사위를 던지는 경우' 유형을 진단한다. 학생이 전체 경우, 사건 조건, 중복·누락 점검, 확률식 연결을 할 수 있는지 확인한다.",M2_PROB_C004|M2_PROB_C024,standard,counting|sample_space|case_count|addition_rule,2,M2_PROB_RAW_005,curated_problem_type_from_raw_taxonomy
M2_PROB_PT015,중2,M2_PROBABILITY,확률,경우의 수의 합(1) 숫자를 선택하거나 주사위를 던지는 경우 - 활용 추론,"경우의 수 범주의 '경우의 수의 합(1) 숫자를 선택하거나 주사위를 던지는 경우' 유형을 진단한다. 학생이 전체 경우, 사건 조건, 중복·누락 점검, 확률식 연결을 할 수 있는지 확인한다.",M2_PROB_C004|M2_PROB_C024,advanced,counting|sample_space|case_count|addition_rule,2,M2_PROB_RAW_005,curated_problem_type_from_raw_taxonomy
M2_PROB_PT016,중2,M2_PROBABILITY,확률,경우의 수의 합(2) 두 지점을 이동하는 교통수단이나 길을 선택하는 경우 - 기본 판별,"경우의 수 범주의 '경우의 수의 합(2) 두 지점을 이동하는 교통수단이나 길을 선택하는 경우' 유형을 진단한다. 학생이 전체 경우, 사건 조건, 중복·누락 점검, 확률식 연결을 할 수 있는지 확인한다.",M2_PROB_C004|M2_PROB_C007,core,counting|sample_space|case_count|addition_rule,2,M2_PROB_RAW_006,curated_problem_type_from_raw_taxonomy
M2_PROB_PT017,중2,M2_PROBABILITY,확률,경우의 수의 합(2) 두 지점을 이동하는 교통수단이나 길을 선택하는 경우 - 조건 적용,"경우의 수 범주의 '경우의 수의 합(2) 두 지점을 이동하는 교통수단이나 길을 선택하는 경우' 유형을 진단한다. 학생이 전체 경우, 사건 조건, 중복·누락 점검, 확률식 연결을 할 수 있는지 확인한다.",M2_PROB_C004|M2_PROB_C007,standard,counting|sample_space|case_count|addition_rule,2,M2_PROB_RAW_006,curated_problem_type_from_raw_taxonomy
M2_PROB_PT018,중2,M2_PROBABILITY,확률,경우의 수의 합(2) 두 지점을 이동하는 교통수단이나 길을 선택하는 경우 - 활용 추론,"경우의 수 범주의 '경우의 수의 합(2) 두 지점을 이동하는 교통수단이나 길을 선택하는 경우' 유형을 진단한다. 학생이 전체 경우, 사건 조건, 중복·누락 점검, 확률식 연결을 할 수 있는지 확인한다.",M2_PROB_C004|M2_PROB_C007,advanced,counting|sample_space|case_count|addition_rule,2,M2_PROB_RAW_006,curated_problem_type_from_raw_taxonomy
M2_PROB_PT019,중2,M2_PROBABILITY,확률,경우의 수의 합(3) 물건 또는 사람을 선택하는 경우 - 기본 판별,"경우의 수 범주의 '경우의 수의 합(3) 물건 또는 사람을 선택하는 경우' 유형을 진단한다. 학생이 전체 경우, 사건 조건, 중복·누락 점검, 확률식 연결을 할 수 있는지 확인한다.",M2_PROB_C004|M2_PROB_C008,core,counting|sample_space|case_count|addition_rule,2,M2_PROB_RAW_007,curated_problem_type_from_raw_taxonomy
M2_PROB_PT020,중2,M2_PROBABILITY,확률,경우의 수의 합(3) 물건 또는 사람을 선택하는 경우 - 조건 적용,"경우의 수 범주의 '경우의 수의 합(3) 물건 또는 사람을 선택하는 경우' 유형을 진단한다. 학생이 전체 경우, 사건 조건, 중복·누락 점검, 확률식 연결을 할 수 있는지 확인한다.",M2_PROB_C004|M2_PROB_C008,standard,counting|sample_space|case_count|addition_rule,2,M2_PROB_RAW_007,curated_problem_type_from_raw_taxonomy
M2_PROB_PT021,중2,M2_PROBABILITY,확률,경우의 수의 합(3) 물건 또는 사람을 선택하는 경우 - 활용 추론,"경우의 수 범주의 '경우의 수의 합(3) 물건 또는 사람을 선택하는 경우' 유형을 진단한다. 학생이 전체 경우, 사건 조건, 중복·누락 점검, 확률식 연결을 할 수 있는지 확인한다.",M2_PROB_C004|M2_PROB_C008,advanced,counting|sample_space|case_count|addition_rule,2,M2_PROB_RAW_007,curated_problem_type_from_raw_taxonomy
M2_PROB_PT022,중2,M2_PROBABILITY,확률,경우의 수의 곱(1) 서로 다른 사건이 동시에 일어나는 경우의 수 - 기본 판별,"경우의 수 범주의 '경우의 수의 곱(1) 서로 다른 사건이 동시에 일어나는 경우의 수' 유형을 진단한다. 학생이 전체 경우, 사건 조건, 중복·누락 점검, 확률식 연결을 할 수 있는지 확인한다.",M2_PROB_C005|M2_PROB_C003,core,counting|sample_space|case_count|multiplication_rule,3,M2_PROB_RAW_008,curated_problem_type_from_raw_taxonomy
M2_PROB_PT023,중2,M2_PROBABILITY,확률,경우의 수의 곱(1) 서로 다른 사건이 동시에 일어나는 경우의 수 - 조건 적용,"경우의 수 범주의 '경우의 수의 곱(1) 서로 다른 사건이 동시에 일어나는 경우의 수' 유형을 진단한다. 학생이 전체 경우, 사건 조건, 중복·누락 점검, 확률식 연결을 할 수 있는지 확인한다.",M2_PROB_C005|M2_PROB_C003,standard,counting|sample_space|case_count|multiplication_rule,3,M2_PROB_RAW_008,curated_problem_type_from_raw_taxonomy
M2_PROB_PT024,중2,M2_PROBABILITY,확률,경우의 수의 곱(1) 서로 다른 사건이 동시에 일어나는 경우의 수 - 활용 추론,"경우의 수 범주의 '경우의 수의 곱(1) 서로 다른 사건이 동시에 일어나는 경우의 수' 유형을 진단한다. 학생이 전체 경우, 사건 조건, 중복·누락 점검, 확률식 연결을 할 수 있는지 확인한다.",M2_PROB_C005|M2_PROB_C003,advanced,counting|sample_space|case_count|multiplication_rule,3,M2_PROB_RAW_008,curated_problem_type_from_raw_taxonomy
M2_PROB_PT025,중2,M2_PROBABILITY,확률,경우의 수의 곱(2) 교통수단이나 길을 선택하는 경우 - 기본 판별,"경우의 수 범주의 '경우의 수의 곱(2) 교통수단이나 길을 선택하는 경우' 유형을 진단한다. 학생이 전체 경우, 사건 조건, 중복·누락 점검, 확률식 연결을 할 수 있는지 확인한다.",M2_PROB_C005|M2_PROB_C007,core,counting|sample_space|case_count|multiplication_rule,3,M2_PROB_RAW_009,curated_problem_type_from_raw_taxonomy
M2_PROB_PT026,중2,M2_PROBABILITY,확률,경우의 수의 곱(2) 교통수단이나 길을 선택하는 경우 - 조건 적용,"경우의 수 범주의 '경우의 수의 곱(2) 교통수단이나 길을 선택하는 경우' 유형을 진단한다. 학생이 전체 경우, 사건 조건, 중복·누락 점검, 확률식 연결을 할 수 있는지 확인한다.",M2_PROB_C005|M2_PROB_C007,standard,counting|sample_space|case_count|multiplication_rule,3,M2_PROB_RAW_009,curated_problem_type_from_raw_taxonomy
M2_PROB_PT027,중2,M2_PROBABILITY,확률,경우의 수의 곱(2) 교통수단이나 길을 선택하는 경우 - 활용 추론,"경우의 수 범주의 '경우의 수의 곱(2) 교통수단이나 길을 선택하는 경우' 유형을 진단한다. 학생이 전체 경우, 사건 조건, 중복·누락 점검, 확률식 연결을 할 수 있는지 확인한다.",M2_PROB_C005|M2_PROB_C007,advanced,counting|sample_space|case_count|multiplication_rule,3,M2_PROB_RAW_009,curated_problem_type_from_raw_taxonomy
M2_PROB_PT028,중2,M2_PROBABILITY,확률,경우의 수의 곱(3) 물건을 선택하는 경우 - 기본 판별,"경우의 수 범주의 '경우의 수의 곱(3) 물건을 선택하는 경우' 유형을 진단한다. 학생이 전체 경우, 사건 조건, 중복·누락 점검, 확률식 연결을 할 수 있는지 확인한다.",M2_PROB_C005|M2_PROB_C008,core,counting|sample_space|case_count|multiplication_rule,3,M2_PROB_RAW_010,curated_problem_type_from_raw_taxonomy
M2_PROB_PT029,중2,M2_PROBABILITY,확률,경우의 수의 곱(3) 물건을 선택하는 경우 - 조건 적용,"경우의 수 범주의 '경우의 수의 곱(3) 물건을 선택하는 경우' 유형을 진단한다. 학생이 전체 경우, 사건 조건, 중복·누락 점검, 확률식 연결을 할 수 있는지 확인한다.",M2_PROB_C005|M2_PROB_C008,standard,counting|sample_space|case_count|multiplication_rule,3,M2_PROB_RAW_010,curated_problem_type_from_raw_taxonomy
M2_PROB_PT030,중2,M2_PROBABILITY,확률,경우의 수의 곱(3) 물건을 선택하는 경우 - 활용 추론,"경우의 수 범주의 '경우의 수의 곱(3) 물건을 선택하는 경우' 유형을 진단한다. 학생이 전체 경우, 사건 조건, 중복·누락 점검, 확률식 연결을 할 수 있는지 확인한다.",M2_PROB_C005|M2_PROB_C008,advanced,counting|sample_space|case_count|multiplication_rule,3,M2_PROB_RAW_010,curated_problem_type_from_raw_taxonomy
M2_PROB_PT031,중2,M2_PROBABILITY,확률,경우의 수의 곱(4) 선택하는 경우의 수가 같은 경우 - 기본 판별,"경우의 수 범주의 '경우의 수의 곱(4) 선택하는 경우의 수가 같은 경우' 유형을 진단한다. 학생이 전체 경우, 사건 조건, 중복·누락 점검, 확률식 연결을 할 수 있는지 확인한다.",M2_PROB_C005|M2_PROB_C017,core,counting|sample_space|case_count|multiplication_rule,3,M2_PROB_RAW_011,curated_problem_type_from_raw_taxonomy
M2_PROB_PT032,중2,M2_PROBABILITY,확률,경우의 수의 곱(4) 선택하는 경우의 수가 같은 경우 - 조건 적용,"경우의 수 범주의 '경우의 수의 곱(4) 선택하는 경우의 수가 같은 경우' 유형을 진단한다. 학생이 전체 경우, 사건 조건, 중복·누락 점검, 확률식 연결을 할 수 있는지 확인한다.",M2_PROB_C005|M2_PROB_C017,standard,counting|sample_space|case_count|multiplication_rule,3,M2_PROB_RAW_011,curated_problem_type_from_raw_taxonomy
M2_PROB_PT033,중2,M2_PROBABILITY,확률,경우의 수의 곱(4) 선택하는 경우의 수가 같은 경우 - 활용 추론,"경우의 수 범주의 '경우의 수의 곱(4) 선택하는 경우의 수가 같은 경우' 유형을 진단한다. 학생이 전체 경우, 사건 조건, 중복·누락 점검, 확률식 연결을 할 수 있는지 확인한다.",M2_PROB_C005|M2_PROB_C017,advanced,counting|sample_space|case_count|multiplication_rule,3,M2_PROB_RAW_011,curated_problem_type_from_raw_taxonomy
M2_PROB_PT034,중2,M2_PROBABILITY,확률,색칠하는 경우의 수 - 기본 판별,"경우의 수 범주의 '색칠하는 경우의 수' 유형을 진단한다. 학생이 전체 경우, 사건 조건, 중복·누락 점검, 확률식 연결을 할 수 있는지 확인한다.",M2_PROB_C009|M2_PROB_C005,core,counting|sample_space|case_count,4,M2_PROB_RAW_012,curated_problem_type_from_raw_taxonomy
M2_PROB_PT035,중2,M2_PROBABILITY,확률,색칠하는 경우의 수 - 조건 적용,"경우의 수 범주의 '색칠하는 경우의 수' 유형을 진단한다. 학생이 전체 경우, 사건 조건, 중복·누락 점검, 확률식 연결을 할 수 있는지 확인한다.",M2_PROB_C009|M2_PROB_C005,standard,counting|sample_space|case_count,4,M2_PROB_RAW_012,curated_problem_type_from_raw_taxonomy
M2_PROB_PT036,중2,M2_PROBABILITY,확률,색칠하는 경우의 수 - 활용 추론,"경우의 수 범주의 '색칠하는 경우의 수' 유형을 진단한다. 학생이 전체 경우, 사건 조건, 중복·누락 점검, 확률식 연결을 할 수 있는지 확인한다.",M2_PROB_C009|M2_PROB_C005,advanced,counting|sample_space|case_count,4,M2_PROB_RAW_012,curated_problem_type_from_raw_taxonomy
M2_PROB_PT037,중2,M2_PROBABILITY,확률,일렬로 세우는 경우의 수(1) - 기본 판별,"경우의 수 범주의 '일렬로 세우는 경우의 수(1)' 유형을 진단한다. 학생이 전체 경우, 사건 조건, 중복·누락 점검, 확률식 연결을 할 수 있는지 확인한다.",M2_PROB_C010|M2_PROB_C017,core,counting|sample_space|case_count|permutation|arrangement,4,M2_PROB_RAW_013,curated_problem_type_from_raw_taxonomy
M2_PROB_PT038,중2,M2_PROBABILITY,확률,일렬로 세우는 경우의 수(1) - 조건 적용,"경우의 수 범주의 '일렬로 세우는 경우의 수(1)' 유형을 진단한다. 학생이 전체 경우, 사건 조건, 중복·누락 점검, 확률식 연결을 할 수 있는지 확인한다.",M2_PROB_C010|M2_PROB_C017,standard,counting|sample_space|case_count|permutation|arrangement,4,M2_PROB_RAW_013,curated_problem_type_from_raw_taxonomy
M2_PROB_PT039,중2,M2_PROBABILITY,확률,일렬로 세우는 경우의 수(1) - 활용 추론,"경우의 수 범주의 '일렬로 세우는 경우의 수(1)' 유형을 진단한다. 학생이 전체 경우, 사건 조건, 중복·누락 점검, 확률식 연결을 할 수 있는지 확인한다.",M2_PROB_C010|M2_PROB_C017,advanced,counting|sample_space|case_count|permutation|arrangement,4,M2_PROB_RAW_013,curated_problem_type_from_raw_taxonomy
M2_PROB_PT040,중2,M2_PROBABILITY,확률,일렬로 세우는 경우의 수(2) 특정한 사람의 자리를 고정하는 경우 - 기본 판별,"경우의 수 범주의 '일렬로 세우는 경우의 수(2) 특정한 사람의 자리를 고정하는 경우' 유형을 진단한다. 학생이 전체 경우, 사건 조건, 중복·누락 점검, 확률식 연결을 할 수 있는지 확인한다.",M2_PROB_C011|M2_PROB_C010,core,counting|sample_space|case_count|permutation|arrangement,4,M2_PROB_RAW_014,curated_problem_type_from_raw_taxonomy
M2_PROB_PT041,중2,M2_PROBABILITY,확률,일렬로 세우는 경우의 수(2) 특정한 사람의 자리를 고정하는 경우 - 조건 적용,"경우의 수 범주의 '일렬로 세우는 경우의 수(2) 특정한 사람의 자리를 고정하는 경우' 유형을 진단한다. 학생이 전체 경우, 사건 조건, 중복·누락 점검, 확률식 연결을 할 수 있는지 확인한다.",M2_PROB_C011|M2_PROB_C010,standard,counting|sample_space|case_count|permutation|arrangement,4,M2_PROB_RAW_014,curated_problem_type_from_raw_taxonomy
M2_PROB_PT042,중2,M2_PROBABILITY,확률,일렬로 세우는 경우의 수(2) 특정한 사람의 자리를 고정하는 경우 - 활용 추론,"경우의 수 범주의 '일렬로 세우는 경우의 수(2) 특정한 사람의 자리를 고정하는 경우' 유형을 진단한다. 학생이 전체 경우, 사건 조건, 중복·누락 점검, 확률식 연결을 할 수 있는지 확인한다.",M2_PROB_C011|M2_PROB_C010,advanced,counting|sample_space|case_count|permutation|arrangement,4,M2_PROB_RAW_014,curated_problem_type_from_raw_taxonomy
M2_PROB_PT043,중2,M2_PROBABILITY,확률,일렬로 세우는 경우의 수(3) 이웃하는 경우 - 기본 판별,"경우의 수 범주의 '일렬로 세우는 경우의 수(3) 이웃하는 경우' 유형을 진단한다. 학생이 전체 경우, 사건 조건, 중복·누락 점검, 확률식 연결을 할 수 있는지 확인한다.",M2_PROB_C012|M2_PROB_C010,core,counting|sample_space|case_count|permutation|arrangement,4,M2_PROB_RAW_015,curated_problem_type_from_raw_taxonomy
M2_PROB_PT044,중2,M2_PROBABILITY,확률,일렬로 세우는 경우의 수(3) 이웃하는 경우 - 조건 적용,"경우의 수 범주의 '일렬로 세우는 경우의 수(3) 이웃하는 경우' 유형을 진단한다. 학생이 전체 경우, 사건 조건, 중복·누락 점검, 확률식 연결을 할 수 있는지 확인한다.",M2_PROB_C012|M2_PROB_C010,standard,counting|sample_space|case_count|permutation|arrangement,4,M2_PROB_RAW_015,curated_problem_type_from_raw_taxonomy
M2_PROB_PT045,중2,M2_PROBABILITY,확률,일렬로 세우는 경우의 수(3) 이웃하는 경우 - 활용 추론,"경우의 수 범주의 '일렬로 세우는 경우의 수(3) 이웃하는 경우' 유형을 진단한다. 학생이 전체 경우, 사건 조건, 중복·누락 점검, 확률식 연결을 할 수 있는지 확인한다.",M2_PROB_C012|M2_PROB_C010,advanced,counting|sample_space|case_count|permutation|arrangement,4,M2_PROB_RAW_015,curated_problem_type_from_raw_taxonomy
M2_PROB_PT046,중2,M2_PROBABILITY,확률,일렬로 세우는 경우의 수(4) 이웃하지 않는 경우 - 기본 판별,"경우의 수 범주의 '일렬로 세우는 경우의 수(4) 이웃하지 않는 경우' 유형을 진단한다. 학생이 전체 경우, 사건 조건, 중복·누락 점검, 확률식 연결을 할 수 있는지 확인한다.",M2_PROB_C013|M2_PROB_C010,core,counting|sample_space|case_count|permutation|arrangement,4,M2_PROB_RAW_016,curated_problem_type_from_raw_taxonomy
M2_PROB_PT047,중2,M2_PROBABILITY,확률,일렬로 세우는 경우의 수(4) 이웃하지 않는 경우 - 조건 적용,"경우의 수 범주의 '일렬로 세우는 경우의 수(4) 이웃하지 않는 경우' 유형을 진단한다. 학생이 전체 경우, 사건 조건, 중복·누락 점검, 확률식 연결을 할 수 있는지 확인한다.",M2_PROB_C013|M2_PROB_C010,standard,counting|sample_space|case_count|permutation|arrangement,4,M2_PROB_RAW_016,curated_problem_type_from_raw_taxonomy
M2_PROB_PT048,중2,M2_PROBABILITY,확률,일렬로 세우는 경우의 수(4) 이웃하지 않는 경우 - 활용 추론,"경우의 수 범주의 '일렬로 세우는 경우의 수(4) 이웃하지 않는 경우' 유형을 진단한다. 학생이 전체 경우, 사건 조건, 중복·누락 점검, 확률식 연결을 할 수 있는지 확인한다.",M2_PROB_C013|M2_PROB_C010,advanced,counting|sample_space|case_count|permutation|arrangement,4,M2_PROB_RAW_016,curated_problem_type_from_raw_taxonomy
M2_PROB_PT049,중2,M2_PROBABILITY,확률,자연수의 개수(1) 0을 포함하지 않는 경우 - 기본 판별,"경우의 수 범주의 '자연수의 개수(1) 0을 포함하지 않는 경우' 유형을 진단한다. 학생이 전체 경우, 사건 조건, 중복·누락 점검, 확률식 연결을 할 수 있는지 확인한다.",M2_PROB_C014|M2_PROB_C005,core,counting|sample_space|case_count,5,M2_PROB_RAW_017,curated_problem_type_from_raw_taxonomy
M2_PROB_PT050,중2,M2_PROBABILITY,확률,자연수의 개수(1) 0을 포함하지 않는 경우 - 조건 적용,"경우의 수 범주의 '자연수의 개수(1) 0을 포함하지 않는 경우' 유형을 진단한다. 학생이 전체 경우, 사건 조건, 중복·누락 점검, 확률식 연결을 할 수 있는지 확인한다.",M2_PROB_C014|M2_PROB_C005,standard,counting|sample_space|case_count,5,M2_PROB_RAW_017,curated_problem_type_from_raw_taxonomy
M2_PROB_PT051,중2,M2_PROBABILITY,확률,자연수의 개수(1) 0을 포함하지 않는 경우 - 활용 추론,"경우의 수 범주의 '자연수의 개수(1) 0을 포함하지 않는 경우' 유형을 진단한다. 학생이 전체 경우, 사건 조건, 중복·누락 점검, 확률식 연결을 할 수 있는지 확인한다.",M2_PROB_C014|M2_PROB_C005,advanced,counting|sample_space|case_count,5,M2_PROB_RAW_017,curated_problem_type_from_raw_taxonomy
M2_PROB_PT052,중2,M2_PROBABILITY,확률,자연수의 개수(2) 0을 포함하는 경우 - 기본 판별,"경우의 수 범주의 '자연수의 개수(2) 0을 포함하는 경우' 유형을 진단한다. 학생이 전체 경우, 사건 조건, 중복·누락 점검, 확률식 연결을 할 수 있는지 확인한다.",M2_PROB_C014|M2_PROB_C005,core,counting|sample_space|case_count,5,M2_PROB_RAW_018,curated_problem_type_from_raw_taxonomy
M2_PROB_PT053,중2,M2_PROBABILITY,확률,자연수의 개수(2) 0을 포함하는 경우 - 조건 적용,"경우의 수 범주의 '자연수의 개수(2) 0을 포함하는 경우' 유형을 진단한다. 학생이 전체 경우, 사건 조건, 중복·누락 점검, 확률식 연결을 할 수 있는지 확인한다.",M2_PROB_C014|M2_PROB_C005,standard,counting|sample_space|case_count,5,M2_PROB_RAW_018,curated_problem_type_from_raw_taxonomy
M2_PROB_PT054,중2,M2_PROBABILITY,확률,자연수의 개수(2) 0을 포함하는 경우 - 활용 추론,"경우의 수 범주의 '자연수의 개수(2) 0을 포함하는 경우' 유형을 진단한다. 학생이 전체 경우, 사건 조건, 중복·누락 점검, 확률식 연결을 할 수 있는지 확인한다.",M2_PROB_C014|M2_PROB_C005,advanced,counting|sample_space|case_count,5,M2_PROB_RAW_018,curated_problem_type_from_raw_taxonomy
M2_PROB_PT055,중2,M2_PROBABILITY,확률,사전식으로 나열하는 경우 - 기본 판별,"경우의 수 범주의 '사전식으로 나열하는 경우' 유형을 진단한다. 학생이 전체 경우, 사건 조건, 중복·누락 점검, 확률식 연결을 할 수 있는지 확인한다.",M2_PROB_C015|M2_PROB_C010,core,counting|sample_space|case_count,5,M2_PROB_RAW_019,curated_problem_type_from_raw_taxonomy
M2_PROB_PT056,중2,M2_PROBABILITY,확률,사전식으로 나열하는 경우 - 조건 적용,"경우의 수 범주의 '사전식으로 나열하는 경우' 유형을 진단한다. 학생이 전체 경우, 사건 조건, 중복·누락 점검, 확률식 연결을 할 수 있는지 확인한다.",M2_PROB_C015|M2_PROB_C010,standard,counting|sample_space|case_count,5,M2_PROB_RAW_019,curated_problem_type_from_raw_taxonomy
M2_PROB_PT057,중2,M2_PROBABILITY,확률,사전식으로 나열하는 경우 - 활용 추론,"경우의 수 범주의 '사전식으로 나열하는 경우' 유형을 진단한다. 학생이 전체 경우, 사건 조건, 중복·누락 점검, 확률식 연결을 할 수 있는지 확인한다.",M2_PROB_C015|M2_PROB_C010,advanced,counting|sample_space|case_count,5,M2_PROB_RAW_019,curated_problem_type_from_raw_taxonomy
M2_PROB_PT058,중2,M2_PROBABILITY,확률,대표를 뽑는 경우의 수(1) 자격이 다른 경우 - 기본 판별,"경우의 수 범주의 '대표를 뽑는 경우의 수(1) 자격이 다른 경우' 유형을 진단한다. 학생이 전체 경우, 사건 조건, 중복·누락 점검, 확률식 연결을 할 수 있는지 확인한다.",M2_PROB_C016|M2_PROB_C005,core,counting|sample_space|case_count,5,M2_PROB_RAW_020,curated_problem_type_from_raw_taxonomy
M2_PROB_PT059,중2,M2_PROBABILITY,확률,대표를 뽑는 경우의 수(1) 자격이 다른 경우 - 조건 적용,"경우의 수 범주의 '대표를 뽑는 경우의 수(1) 자격이 다른 경우' 유형을 진단한다. 학생이 전체 경우, 사건 조건, 중복·누락 점검, 확률식 연결을 할 수 있는지 확인한다.",M2_PROB_C016|M2_PROB_C005,standard,counting|sample_space|case_count,5,M2_PROB_RAW_020,curated_problem_type_from_raw_taxonomy
M2_PROB_PT060,중2,M2_PROBABILITY,확률,대표를 뽑는 경우의 수(1) 자격이 다른 경우 - 활용 추론,"경우의 수 범주의 '대표를 뽑는 경우의 수(1) 자격이 다른 경우' 유형을 진단한다. 학생이 전체 경우, 사건 조건, 중복·누락 점검, 확률식 연결을 할 수 있는지 확인한다.",M2_PROB_C016|M2_PROB_C005,advanced,counting|sample_space|case_count,5,M2_PROB_RAW_020,curated_problem_type_from_raw_taxonomy
M2_PROB_PT061,중2,M2_PROBABILITY,확률,대표를 뽑는 경우의 수(2) 자격이 같은 경우 - 기본 판별,"경우의 수 범주의 '대표를 뽑는 경우의 수(2) 자격이 같은 경우' 유형을 진단한다. 학생이 전체 경우, 사건 조건, 중복·누락 점검, 확률식 연결을 할 수 있는지 확인한다.",M2_PROB_C016|M2_PROB_C017,core,counting|sample_space|case_count,6,M2_PROB_RAW_021,curated_problem_type_from_raw_taxonomy
M2_PROB_PT062,중2,M2_PROBABILITY,확률,대표를 뽑는 경우의 수(2) 자격이 같은 경우 - 조건 적용,"경우의 수 범주의 '대표를 뽑는 경우의 수(2) 자격이 같은 경우' 유형을 진단한다. 학생이 전체 경우, 사건 조건, 중복·누락 점검, 확률식 연결을 할 수 있는지 확인한다.",M2_PROB_C016|M2_PROB_C017,standard,counting|sample_space|case_count,6,M2_PROB_RAW_021,curated_problem_type_from_raw_taxonomy
M2_PROB_PT063,중2,M2_PROBABILITY,확률,대표를 뽑는 경우의 수(2) 자격이 같은 경우 - 활용 추론,"경우의 수 범주의 '대표를 뽑는 경우의 수(2) 자격이 같은 경우' 유형을 진단한다. 학생이 전체 경우, 사건 조건, 중복·누락 점검, 확률식 연결을 할 수 있는지 확인한다.",M2_PROB_C016|M2_PROB_C017,advanced,counting|sample_space|case_count,6,M2_PROB_RAW_021,curated_problem_type_from_raw_taxonomy
M2_PROB_PT064,중2,M2_PROBABILITY,확률,만들 수 있는 선분의 개수 - 기본 판별,"경우의 수 범주의 '만들 수 있는 선분의 개수' 유형을 진단한다. 학생이 전체 경우, 사건 조건, 중복·누락 점검, 확률식 연결을 할 수 있는지 확인한다.",M2_PROB_C018|M2_PROB_C017,core,counting|sample_space|case_count|geometry_probability,6,M2_PROB_RAW_022,curated_problem_type_from_raw_taxonomy
M2_PROB_PT065,중2,M2_PROBABILITY,확률,만들 수 있는 선분의 개수 - 조건 적용,"경우의 수 범주의 '만들 수 있는 선분의 개수' 유형을 진단한다. 학생이 전체 경우, 사건 조건, 중복·누락 점검, 확률식 연결을 할 수 있는지 확인한다.",M2_PROB_C018|M2_PROB_C017,standard,counting|sample_space|case_count|geometry_probability,6,M2_PROB_RAW_022,curated_problem_type_from_raw_taxonomy
M2_PROB_PT066,중2,M2_PROBABILITY,확률,만들 수 있는 선분의 개수 - 활용 추론,"경우의 수 범주의 '만들 수 있는 선분의 개수' 유형을 진단한다. 학생이 전체 경우, 사건 조건, 중복·누락 점검, 확률식 연결을 할 수 있는지 확인한다.",M2_PROB_C018|M2_PROB_C017,advanced,counting|sample_space|case_count|geometry_probability,6,M2_PROB_RAW_022,curated_problem_type_from_raw_taxonomy
M2_PROB_PT067,중2,M2_PROBABILITY,확률,만들 수 있는 삼각형의 개수 - 기본 판별,"경우의 수 범주의 '만들 수 있는 삼각형의 개수' 유형을 진단한다. 학생이 전체 경우, 사건 조건, 중복·누락 점검, 확률식 연결을 할 수 있는지 확인한다.",M2_PROB_C019|M2_PROB_C017,core,counting|sample_space|case_count|geometry_probability,6,M2_PROB_RAW_023,curated_problem_type_from_raw_taxonomy
M2_PROB_PT068,중2,M2_PROBABILITY,확률,만들 수 있는 삼각형의 개수 - 조건 적용,"경우의 수 범주의 '만들 수 있는 삼각형의 개수' 유형을 진단한다. 학생이 전체 경우, 사건 조건, 중복·누락 점검, 확률식 연결을 할 수 있는지 확인한다.",M2_PROB_C019|M2_PROB_C017,standard,counting|sample_space|case_count|geometry_probability,6,M2_PROB_RAW_023,curated_problem_type_from_raw_taxonomy
M2_PROB_PT069,중2,M2_PROBABILITY,확률,만들 수 있는 삼각형의 개수 - 활용 추론,"경우의 수 범주의 '만들 수 있는 삼각형의 개수' 유형을 진단한다. 학생이 전체 경우, 사건 조건, 중복·누락 점검, 확률식 연결을 할 수 있는지 확인한다.",M2_PROB_C019|M2_PROB_C017,advanced,counting|sample_space|case_count|geometry_probability,6,M2_PROB_RAW_023,curated_problem_type_from_raw_taxonomy
M2_PROB_PT070,중2,M2_PROBABILITY,확률,만들 수 있는 사각형의 개수 - 기본 판별,"경우의 수 범주의 '만들 수 있는 사각형의 개수' 유형을 진단한다. 학생이 전체 경우, 사건 조건, 중복·누락 점검, 확률식 연결을 할 수 있는지 확인한다.",M2_PROB_C019|M2_PROB_C017,core,counting|sample_space|case_count|geometry_probability,6,M2_PROB_RAW_024,curated_problem_type_from_raw_taxonomy
M2_PROB_PT071,중2,M2_PROBABILITY,확률,만들 수 있는 사각형의 개수 - 조건 적용,"경우의 수 범주의 '만들 수 있는 사각형의 개수' 유형을 진단한다. 학생이 전체 경우, 사건 조건, 중복·누락 점검, 확률식 연결을 할 수 있는지 확인한다.",M2_PROB_C019|M2_PROB_C017,standard,counting|sample_space|case_count|geometry_probability,6,M2_PROB_RAW_024,curated_problem_type_from_raw_taxonomy
M2_PROB_PT072,중2,M2_PROBABILITY,확률,만들 수 있는 사각형의 개수 - 활용 추론,"경우의 수 범주의 '만들 수 있는 사각형의 개수' 유형을 진단한다. 학생이 전체 경우, 사건 조건, 중복·누락 점검, 확률식 연결을 할 수 있는지 확인한다.",M2_PROB_C019|M2_PROB_C017,advanced,counting|sample_space|case_count|geometry_probability,6,M2_PROB_RAW_024,curated_problem_type_from_raw_taxonomy
M2_PROB_PT073,중2,M2_PROBABILITY,확률,최단 경로로 가는 경우의 수 - 기본 판별,"경우의 수 범주의 '최단 경로로 가는 경우의 수' 유형을 진단한다. 학생이 전체 경우, 사건 조건, 중복·누락 점검, 확률식 연결을 할 수 있는지 확인한다.",M2_PROB_C020|M2_PROB_C005,core,counting|sample_space|case_count,6,M2_PROB_RAW_025,curated_problem_type_from_raw_taxonomy
M2_PROB_PT074,중2,M2_PROBABILITY,확률,최단 경로로 가는 경우의 수 - 조건 적용,"경우의 수 범주의 '최단 경로로 가는 경우의 수' 유형을 진단한다. 학생이 전체 경우, 사건 조건, 중복·누락 점검, 확률식 연결을 할 수 있는지 확인한다.",M2_PROB_C020|M2_PROB_C005,standard,counting|sample_space|case_count,6,M2_PROB_RAW_025,curated_problem_type_from_raw_taxonomy
M2_PROB_PT075,중2,M2_PROBABILITY,확률,최단 경로로 가는 경우의 수 - 활용 추론,"경우의 수 범주의 '최단 경로로 가는 경우의 수' 유형을 진단한다. 학생이 전체 경우, 사건 조건, 중복·누락 점검, 확률식 연결을 할 수 있는지 확인한다.",M2_PROB_C020|M2_PROB_C005,advanced,counting|sample_space|case_count,6,M2_PROB_RAW_025,curated_problem_type_from_raw_taxonomy
M2_PROB_PT076,중2,M2_PROBABILITY,확률,방정식 또는 부등식에서의 경우의 수 - 기본 판별,"경우의 수 범주의 '방정식 또는 부등식에서의 경우의 수' 유형을 진단한다. 학생이 전체 경우, 사건 조건, 중복·누락 점검, 확률식 연결을 할 수 있는지 확인한다.",M2_PROB_C021|M2_PROB_C005,core,counting|sample_space|case_count,7,M2_PROB_RAW_026,curated_problem_type_from_raw_taxonomy
M2_PROB_PT077,중2,M2_PROBABILITY,확률,방정식 또는 부등식에서의 경우의 수 - 조건 적용,"경우의 수 범주의 '방정식 또는 부등식에서의 경우의 수' 유형을 진단한다. 학생이 전체 경우, 사건 조건, 중복·누락 점검, 확률식 연결을 할 수 있는지 확인한다.",M2_PROB_C021|M2_PROB_C005,standard,counting|sample_space|case_count,7,M2_PROB_RAW_026,curated_problem_type_from_raw_taxonomy
M2_PROB_PT078,중2,M2_PROBABILITY,확률,방정식 또는 부등식에서의 경우의 수 - 활용 추론,"경우의 수 범주의 '방정식 또는 부등식에서의 경우의 수' 유형을 진단한다. 학생이 전체 경우, 사건 조건, 중복·누락 점검, 확률식 연결을 할 수 있는지 확인한다.",M2_PROB_C021|M2_PROB_C005,advanced,counting|sample_space|case_count,7,M2_PROB_RAW_026,curated_problem_type_from_raw_taxonomy
M2_PROB_PT079,중2,M2_PROBABILITY,확률,정해진 규칙에 따라 주어진 결과가 나오는 경우의 수 - 기본 판별,"경우의 수 범주의 '정해진 규칙에 따라 주어진 결과가 나오는 경우의 수' 유형을 진단한다. 학생이 전체 경우, 사건 조건, 중복·누락 점검, 확률식 연결을 할 수 있는지 확인한다.",M2_PROB_C022|M2_PROB_C005,core,counting|sample_space|case_count,7,M2_PROB_RAW_027,curated_problem_type_from_raw_taxonomy
M2_PROB_PT080,중2,M2_PROBABILITY,확률,정해진 규칙에 따라 주어진 결과가 나오는 경우의 수 - 조건 적용,"경우의 수 범주의 '정해진 규칙에 따라 주어진 결과가 나오는 경우의 수' 유형을 진단한다. 학생이 전체 경우, 사건 조건, 중복·누락 점검, 확률식 연결을 할 수 있는지 확인한다.",M2_PROB_C022|M2_PROB_C005,standard,counting|sample_space|case_count,7,M2_PROB_RAW_027,curated_problem_type_from_raw_taxonomy
M2_PROB_PT081,중2,M2_PROBABILITY,확률,정해진 규칙에 따라 주어진 결과가 나오는 경우의 수 - 활용 추론,"경우의 수 범주의 '정해진 규칙에 따라 주어진 결과가 나오는 경우의 수' 유형을 진단한다. 학생이 전체 경우, 사건 조건, 중복·누락 점검, 확률식 연결을 할 수 있는지 확인한다.",M2_PROB_C022|M2_PROB_C005,advanced,counting|sample_space|case_count,7,M2_PROB_RAW_027,curated_problem_type_from_raw_taxonomy
M2_PROB_PT082,중2,M2_PROBABILITY,확률,대진표를 정하는 경우의 수 - 기본 판별,"경우의 수 범주의 '대진표를 정하는 경우의 수' 유형을 진단한다. 학생이 전체 경우, 사건 조건, 중복·누락 점검, 확률식 연결을 할 수 있는지 확인한다.",M2_PROB_C022|M2_PROB_C017,core,counting|sample_space|case_count|game_probability,7,M2_PROB_RAW_028,curated_problem_type_from_raw_taxonomy
M2_PROB_PT083,중2,M2_PROBABILITY,확률,대진표를 정하는 경우의 수 - 조건 적용,"경우의 수 범주의 '대진표를 정하는 경우의 수' 유형을 진단한다. 학생이 전체 경우, 사건 조건, 중복·누락 점검, 확률식 연결을 할 수 있는지 확인한다.",M2_PROB_C022|M2_PROB_C017,standard,counting|sample_space|case_count|game_probability,7,M2_PROB_RAW_028,curated_problem_type_from_raw_taxonomy
M2_PROB_PT084,중2,M2_PROBABILITY,확률,대진표를 정하는 경우의 수 - 활용 추론,"경우의 수 범주의 '대진표를 정하는 경우의 수' 유형을 진단한다. 학생이 전체 경우, 사건 조건, 중복·누락 점검, 확률식 연결을 할 수 있는지 확인한다.",M2_PROB_C022|M2_PROB_C017,advanced,counting|sample_space|case_count|game_probability,7,M2_PROB_RAW_028,curated_problem_type_from_raw_taxonomy
M2_PROB_PT085,중2,M2_PROBABILITY,확률,간단한 확률 구하기 - 기본 판별,"확률의 뜻과 성질 범주의 '간단한 확률 구하기' 유형을 진단한다. 학생이 전체 경우, 사건 조건, 중복·누락 점검, 확률식 연결을 할 수 있는지 확인한다.",M2_PROB_C023|M2_PROB_C024|M2_PROB_C025,core,probability_definition|sample_space|probability_property,8,M2_PROB_RAW_029,curated_problem_type_from_raw_taxonomy
M2_PROB_PT086,중2,M2_PROBABILITY,확률,간단한 확률 구하기 - 조건 적용,"확률의 뜻과 성질 범주의 '간단한 확률 구하기' 유형을 진단한다. 학생이 전체 경우, 사건 조건, 중복·누락 점검, 확률식 연결을 할 수 있는지 확인한다.",M2_PROB_C023|M2_PROB_C024|M2_PROB_C025,standard,probability_definition|sample_space|probability_property,8,M2_PROB_RAW_029,curated_problem_type_from_raw_taxonomy
M2_PROB_PT087,중2,M2_PROBABILITY,확률,간단한 확률 구하기 - 활용 추론,"확률의 뜻과 성질 범주의 '간단한 확률 구하기' 유형을 진단한다. 학생이 전체 경우, 사건 조건, 중복·누락 점검, 확률식 연결을 할 수 있는지 확인한다.",M2_PROB_C023|M2_PROB_C024|M2_PROB_C025,advanced,probability_definition|sample_space|probability_property,8,M2_PROB_RAW_029,curated_problem_type_from_raw_taxonomy
M2_PROB_PT088,중2,M2_PROBABILITY,확률,확률 구하기(1) 일렬로 세울 때 확률 구하기 - 기본 판별,"확률의 뜻과 성질 범주의 '확률 구하기(1) 일렬로 세울 때 확률 구하기' 유형을 진단한다. 학생이 전체 경우, 사건 조건, 중복·누락 점검, 확률식 연결을 할 수 있는지 확인한다.",M2_PROB_C026|M2_PROB_C010|M2_PROB_C012|M2_PROB_C013,core,probability_definition|sample_space|probability_property|permutation|arrangement,8,M2_PROB_RAW_030,curated_problem_type_from_raw_taxonomy
M2_PROB_PT089,중2,M2_PROBABILITY,확률,확률 구하기(1) 일렬로 세울 때 확률 구하기 - 조건 적용,"확률의 뜻과 성질 범주의 '확률 구하기(1) 일렬로 세울 때 확률 구하기' 유형을 진단한다. 학생이 전체 경우, 사건 조건, 중복·누락 점검, 확률식 연결을 할 수 있는지 확인한다.",M2_PROB_C026|M2_PROB_C010|M2_PROB_C012|M2_PROB_C013,standard,probability_definition|sample_space|probability_property|permutation|arrangement,8,M2_PROB_RAW_030,curated_problem_type_from_raw_taxonomy
M2_PROB_PT090,중2,M2_PROBABILITY,확률,확률 구하기(1) 일렬로 세울 때 확률 구하기 - 활용 추론,"확률의 뜻과 성질 범주의 '확률 구하기(1) 일렬로 세울 때 확률 구하기' 유형을 진단한다. 학생이 전체 경우, 사건 조건, 중복·누락 점검, 확률식 연결을 할 수 있는지 확인한다.",M2_PROB_C026|M2_PROB_C010|M2_PROB_C012|M2_PROB_C013,advanced,probability_definition|sample_space|probability_property|permutation|arrangement,8,M2_PROB_RAW_030,curated_problem_type_from_raw_taxonomy
M2_PROB_PT091,중2,M2_PROBABILITY,확률,확률 구하기(2) 주어진 확률을 만족하는 미정계수 구하기 - 기본 판별,"확률의 뜻과 성질 범주의 '확률 구하기(2) 주어진 확률을 만족하는 미정계수 구하기' 유형을 진단한다. 학생이 전체 경우, 사건 조건, 중복·누락 점검, 확률식 연결을 할 수 있는지 확인한다.",M2_PROB_C027|M2_PROB_C023,core,probability_definition|sample_space|probability_property,8,M2_PROB_RAW_031,curated_problem_type_from_raw_taxonomy
M2_PROB_PT092,중2,M2_PROBABILITY,확률,확률 구하기(2) 주어진 확률을 만족하는 미정계수 구하기 - 조건 적용,"확률의 뜻과 성질 범주의 '확률 구하기(2) 주어진 확률을 만족하는 미정계수 구하기' 유형을 진단한다. 학생이 전체 경우, 사건 조건, 중복·누락 점검, 확률식 연결을 할 수 있는지 확인한다.",M2_PROB_C027|M2_PROB_C023,standard,probability_definition|sample_space|probability_property,8,M2_PROB_RAW_031,curated_problem_type_from_raw_taxonomy
M2_PROB_PT093,중2,M2_PROBABILITY,확률,확률 구하기(2) 주어진 확률을 만족하는 미정계수 구하기 - 활용 추론,"확률의 뜻과 성질 범주의 '확률 구하기(2) 주어진 확률을 만족하는 미정계수 구하기' 유형을 진단한다. 학생이 전체 경우, 사건 조건, 중복·누락 점검, 확률식 연결을 할 수 있는지 확인한다.",M2_PROB_C027|M2_PROB_C023,advanced,probability_definition|sample_space|probability_property,8,M2_PROB_RAW_031,curated_problem_type_from_raw_taxonomy
M2_PROB_PT094,중2,M2_PROBABILITY,확률,확률 구하기(3) 방정식을 만족할 확률 - 기본 판별,"확률의 뜻과 성질 범주의 '확률 구하기(3) 방정식을 만족할 확률' 유형을 진단한다. 학생이 전체 경우, 사건 조건, 중복·누락 점검, 확률식 연결을 할 수 있는지 확인한다.",M2_PROB_C028|M2_PROB_C021|M2_PROB_C042,core,probability_definition|sample_space|probability_property,9,M2_PROB_RAW_032,curated_problem_type_from_raw_taxonomy
M2_PROB_PT095,중2,M2_PROBABILITY,확률,확률 구하기(3) 방정식을 만족할 확률 - 조건 적용,"확률의 뜻과 성질 범주의 '확률 구하기(3) 방정식을 만족할 확률' 유형을 진단한다. 학생이 전체 경우, 사건 조건, 중복·누락 점검, 확률식 연결을 할 수 있는지 확인한다.",M2_PROB_C028|M2_PROB_C021|M2_PROB_C042,standard,probability_definition|sample_space|probability_property,9,M2_PROB_RAW_032,curated_problem_type_from_raw_taxonomy
M2_PROB_PT096,중2,M2_PROBABILITY,확률,확률 구하기(3) 방정식을 만족할 확률 - 활용 추론,"확률의 뜻과 성질 범주의 '확률 구하기(3) 방정식을 만족할 확률' 유형을 진단한다. 학생이 전체 경우, 사건 조건, 중복·누락 점검, 확률식 연결을 할 수 있는지 확인한다.",M2_PROB_C028|M2_PROB_C021|M2_PROB_C042,advanced,probability_definition|sample_space|probability_property,9,M2_PROB_RAW_032,curated_problem_type_from_raw_taxonomy
M2_PROB_PT097,중2,M2_PROBABILITY,확률,확률 구하기(4) 부등식을 만족할 확률 - 기본 판별,"확률의 뜻과 성질 범주의 '확률 구하기(4) 부등식을 만족할 확률' 유형을 진단한다. 학생이 전체 경우, 사건 조건, 중복·누락 점검, 확률식 연결을 할 수 있는지 확인한다.",M2_PROB_C028|M2_PROB_C021,core,probability_definition|sample_space|probability_property,9,M2_PROB_RAW_033,curated_problem_type_from_raw_taxonomy
M2_PROB_PT098,중2,M2_PROBABILITY,확률,확률 구하기(4) 부등식을 만족할 확률 - 조건 적용,"확률의 뜻과 성질 범주의 '확률 구하기(4) 부등식을 만족할 확률' 유형을 진단한다. 학생이 전체 경우, 사건 조건, 중복·누락 점검, 확률식 연결을 할 수 있는지 확인한다.",M2_PROB_C028|M2_PROB_C021,standard,probability_definition|sample_space|probability_property,9,M2_PROB_RAW_033,curated_problem_type_from_raw_taxonomy
M2_PROB_PT099,중2,M2_PROBABILITY,확률,확률 구하기(4) 부등식을 만족할 확률 - 활용 추론,"확률의 뜻과 성질 범주의 '확률 구하기(4) 부등식을 만족할 확률' 유형을 진단한다. 학생이 전체 경우, 사건 조건, 중복·누락 점검, 확률식 연결을 할 수 있는지 확인한다.",M2_PROB_C028|M2_PROB_C021,advanced,probability_definition|sample_space|probability_property,9,M2_PROB_RAW_033,curated_problem_type_from_raw_taxonomy
M2_PROB_PT100,중2,M2_PROBABILITY,확률,확률의 기본 성질 - 기본 판별,"확률의 뜻과 성질 범주의 '확률의 기본 성질' 유형을 진단한다. 학생이 전체 경우, 사건 조건, 중복·누락 점검, 확률식 연결을 할 수 있는지 확인한다.",M2_PROB_C029,core,probability_definition|sample_space|probability_property,9,M2_PROB_RAW_034,curated_problem_type_from_raw_taxonomy
M2_PROB_PT101,중2,M2_PROBABILITY,확률,확률의 기본 성질 - 조건 적용,"확률의 뜻과 성질 범주의 '확률의 기본 성질' 유형을 진단한다. 학생이 전체 경우, 사건 조건, 중복·누락 점검, 확률식 연결을 할 수 있는지 확인한다.",M2_PROB_C029,standard,probability_definition|sample_space|probability_property,9,M2_PROB_RAW_034,curated_problem_type_from_raw_taxonomy
M2_PROB_PT102,중2,M2_PROBABILITY,확률,확률의 기본 성질 - 활용 추론,"확률의 뜻과 성질 범주의 '확률의 기본 성질' 유형을 진단한다. 학생이 전체 경우, 사건 조건, 중복·누락 점검, 확률식 연결을 할 수 있는지 확인한다.",M2_PROB_C029,advanced,probability_definition|sample_space|probability_property,9,M2_PROB_RAW_034,curated_problem_type_from_raw_taxonomy
M2_PROB_PT103,중2,M2_PROBABILITY,확률,어떤 사건이 일어나지 않을 확률 - 기본 판별,"확률의 계산 범주의 '어떤 사건이 일어나지 않을 확률' 유형을 진단한다. 학생이 전체 경우, 사건 조건, 중복·누락 점검, 확률식 연결을 할 수 있는지 확인한다.",M2_PROB_C030|M2_PROB_C023,core,probability_calculation|event_operation|application|complement_event,10,M2_PROB_RAW_035,curated_problem_type_from_raw_taxonomy
M2_PROB_PT104,중2,M2_PROBABILITY,확률,어떤 사건이 일어나지 않을 확률 - 조건 적용,"확률의 계산 범주의 '어떤 사건이 일어나지 않을 확률' 유형을 진단한다. 학생이 전체 경우, 사건 조건, 중복·누락 점검, 확률식 연결을 할 수 있는지 확인한다.",M2_PROB_C030|M2_PROB_C023,standard,probability_calculation|event_operation|application|complement_event,10,M2_PROB_RAW_035,curated_problem_type_from_raw_taxonomy
M2_PROB_PT105,중2,M2_PROBABILITY,확률,어떤 사건이 일어나지 않을 확률 - 활용 추론,"확률의 계산 범주의 '어떤 사건이 일어나지 않을 확률' 유형을 진단한다. 학생이 전체 경우, 사건 조건, 중복·누락 점검, 확률식 연결을 할 수 있는지 확인한다.",M2_PROB_C030|M2_PROB_C023,advanced,probability_calculation|event_operation|application|complement_event,10,M2_PROB_RAW_035,curated_problem_type_from_raw_taxonomy
M2_PROB_PT106,중2,M2_PROBABILITY,확률,적어도의 조건을 포함하는 확률 - 기본 판별,"확률의 계산 범주의 '적어도의 조건을 포함하는 확률' 유형을 진단한다. 학생이 전체 경우, 사건 조건, 중복·누락 점검, 확률식 연결을 할 수 있는지 확인한다.",M2_PROB_C031|M2_PROB_C030,core,probability_calculation|event_operation|application|complement_event,10,M2_PROB_RAW_036,curated_problem_type_from_raw_taxonomy
M2_PROB_PT107,중2,M2_PROBABILITY,확률,적어도의 조건을 포함하는 확률 - 조건 적용,"확률의 계산 범주의 '적어도의 조건을 포함하는 확률' 유형을 진단한다. 학생이 전체 경우, 사건 조건, 중복·누락 점검, 확률식 연결을 할 수 있는지 확인한다.",M2_PROB_C031|M2_PROB_C030,standard,probability_calculation|event_operation|application|complement_event,10,M2_PROB_RAW_036,curated_problem_type_from_raw_taxonomy
M2_PROB_PT108,중2,M2_PROBABILITY,확률,적어도의 조건을 포함하는 확률 - 활용 추론,"확률의 계산 범주의 '적어도의 조건을 포함하는 확률' 유형을 진단한다. 학생이 전체 경우, 사건 조건, 중복·누락 점검, 확률식 연결을 할 수 있는지 확인한다.",M2_PROB_C031|M2_PROB_C030,advanced,probability_calculation|event_operation|application|complement_event,10,M2_PROB_RAW_036,curated_problem_type_from_raw_taxonomy
M2_PROB_PT109,중2,M2_PROBABILITY,확률,사건 A 또는 사건 B가 일어날 확률 - 기본 판별,"확률의 계산 범주의 '사건 A 또는 사건 B가 일어날 확률' 유형을 진단한다. 학생이 전체 경우, 사건 조건, 중복·누락 점검, 확률식 연결을 할 수 있는지 확인한다.",M2_PROB_C032|M2_PROB_C033|M2_PROB_C035,core,probability_calculation|event_operation|application|addition_rule,10,M2_PROB_RAW_037,curated_problem_type_from_raw_taxonomy
M2_PROB_PT110,중2,M2_PROBABILITY,확률,사건 A 또는 사건 B가 일어날 확률 - 조건 적용,"확률의 계산 범주의 '사건 A 또는 사건 B가 일어날 확률' 유형을 진단한다. 학생이 전체 경우, 사건 조건, 중복·누락 점검, 확률식 연결을 할 수 있는지 확인한다.",M2_PROB_C032|M2_PROB_C033|M2_PROB_C035,standard,probability_calculation|event_operation|application|addition_rule,10,M2_PROB_RAW_037,curated_problem_type_from_raw_taxonomy
M2_PROB_PT111,중2,M2_PROBABILITY,확률,사건 A 또는 사건 B가 일어날 확률 - 활용 추론,"확률의 계산 범주의 '사건 A 또는 사건 B가 일어날 확률' 유형을 진단한다. 학생이 전체 경우, 사건 조건, 중복·누락 점검, 확률식 연결을 할 수 있는지 확인한다.",M2_PROB_C032|M2_PROB_C033|M2_PROB_C035,advanced,probability_calculation|event_operation|application|addition_rule,10,M2_PROB_RAW_037,curated_problem_type_from_raw_taxonomy
M2_PROB_PT112,중2,M2_PROBABILITY,확률,두 사건 A와 B가 동시에 일어날 확률 - 기본 판별,"확률의 계산 범주의 '두 사건 A와 B가 동시에 일어날 확률' 유형을 진단한다. 학생이 전체 경우, 사건 조건, 중복·누락 점검, 확률식 연결을 할 수 있는지 확인한다.",M2_PROB_C033|M2_PROB_C035,core,probability_calculation|event_operation|application,11,M2_PROB_RAW_038,curated_problem_type_from_raw_taxonomy
M2_PROB_PT113,중2,M2_PROBABILITY,확률,두 사건 A와 B가 동시에 일어날 확률 - 조건 적용,"확률의 계산 범주의 '두 사건 A와 B가 동시에 일어날 확률' 유형을 진단한다. 학생이 전체 경우, 사건 조건, 중복·누락 점검, 확률식 연결을 할 수 있는지 확인한다.",M2_PROB_C033|M2_PROB_C035,standard,probability_calculation|event_operation|application,11,M2_PROB_RAW_038,curated_problem_type_from_raw_taxonomy
M2_PROB_PT114,중2,M2_PROBABILITY,확률,두 사건 A와 B가 동시에 일어날 확률 - 활용 추론,"확률의 계산 범주의 '두 사건 A와 B가 동시에 일어날 확률' 유형을 진단한다. 학생이 전체 경우, 사건 조건, 중복·누락 점검, 확률식 연결을 할 수 있는지 확인한다.",M2_PROB_C033|M2_PROB_C035,advanced,probability_calculation|event_operation|application,11,M2_PROB_RAW_038,curated_problem_type_from_raw_taxonomy
M2_PROB_PT115,중2,M2_PROBABILITY,확률,"두 사건 A, B 중 적어도 하나가 일어날 확률 - 기본 판별","확률의 계산 범주의 '두 사건 A, B 중 적어도 하나가 일어날 확률' 유형을 진단한다. 학생이 전체 경우, 사건 조건, 중복·누락 점검, 확률식 연결을 할 수 있는지 확인한다.",M2_PROB_C034|M2_PROB_C030|M2_PROB_C032,core,probability_calculation|event_operation|application|complement_event,11,M2_PROB_RAW_039,curated_problem_type_from_raw_taxonomy
M2_PROB_PT116,중2,M2_PROBABILITY,확률,"두 사건 A, B 중 적어도 하나가 일어날 확률 - 조건 적용","확률의 계산 범주의 '두 사건 A, B 중 적어도 하나가 일어날 확률' 유형을 진단한다. 학생이 전체 경우, 사건 조건, 중복·누락 점검, 확률식 연결을 할 수 있는지 확인한다.",M2_PROB_C034|M2_PROB_C030|M2_PROB_C032,standard,probability_calculation|event_operation|application|complement_event,11,M2_PROB_RAW_039,curated_problem_type_from_raw_taxonomy
M2_PROB_PT117,중2,M2_PROBABILITY,확률,"두 사건 A, B 중 적어도 하나가 일어날 확률 - 활용 추론","확률의 계산 범주의 '두 사건 A, B 중 적어도 하나가 일어날 확률' 유형을 진단한다. 학생이 전체 경우, 사건 조건, 중복·누락 점검, 확률식 연결을 할 수 있는지 확인한다.",M2_PROB_C034|M2_PROB_C030|M2_PROB_C032,advanced,probability_calculation|event_operation|application|complement_event,11,M2_PROB_RAW_039,curated_problem_type_from_raw_taxonomy
M2_PROB_PT118,중2,M2_PROBABILITY,확률,확률의 덧셈과 곱셈 - 기본 판별,"확률의 계산 범주의 '확률의 덧셈과 곱셈' 유형을 진단한다. 학생이 전체 경우, 사건 조건, 중복·누락 점검, 확률식 연결을 할 수 있는지 확인한다.",M2_PROB_C035|M2_PROB_C032|M2_PROB_C033,core,probability_calculation|event_operation|application|multiplication_rule,11,M2_PROB_RAW_040,curated_problem_type_from_raw_taxonomy
M2_PROB_PT119,중2,M2_PROBABILITY,확률,확률의 덧셈과 곱셈 - 조건 적용,"확률의 계산 범주의 '확률의 덧셈과 곱셈' 유형을 진단한다. 학생이 전체 경우, 사건 조건, 중복·누락 점검, 확률식 연결을 할 수 있는지 확인한다.",M2_PROB_C035|M2_PROB_C032|M2_PROB_C033,standard,probability_calculation|event_operation|application|multiplication_rule,11,M2_PROB_RAW_040,curated_problem_type_from_raw_taxonomy
M2_PROB_PT120,중2,M2_PROBABILITY,확률,확률의 덧셈과 곱셈 - 활용 추론,"확률의 계산 범주의 '확률의 덧셈과 곱셈' 유형을 진단한다. 학생이 전체 경우, 사건 조건, 중복·누락 점검, 확률식 연결을 할 수 있는지 확인한다.",M2_PROB_C035|M2_PROB_C032|M2_PROB_C033,advanced,probability_calculation|event_operation|application|multiplication_rule,11,M2_PROB_RAW_040,curated_problem_type_from_raw_taxonomy
M2_PROB_PT121,중2,M2_PROBABILITY,확률,연속하여 꺼내는 경우의 확률(1) 꺼낸 것을 다시 넣는 경우 - 기본 판별,"확률의 계산 범주의 '연속하여 꺼내는 경우의 확률(1) 꺼낸 것을 다시 넣는 경우' 유형을 진단한다. 학생이 전체 경우, 사건 조건, 중복·누락 점검, 확률식 연결을 할 수 있는지 확인한다.",M2_PROB_C036|M2_PROB_C035,core,probability_calculation|event_operation|application|successive_trials,12,M2_PROB_RAW_041,curated_problem_type_from_raw_taxonomy
M2_PROB_PT122,중2,M2_PROBABILITY,확률,연속하여 꺼내는 경우의 확률(1) 꺼낸 것을 다시 넣는 경우 - 조건 적용,"확률의 계산 범주의 '연속하여 꺼내는 경우의 확률(1) 꺼낸 것을 다시 넣는 경우' 유형을 진단한다. 학생이 전체 경우, 사건 조건, 중복·누락 점검, 확률식 연결을 할 수 있는지 확인한다.",M2_PROB_C036|M2_PROB_C035,standard,probability_calculation|event_operation|application|successive_trials,12,M2_PROB_RAW_041,curated_problem_type_from_raw_taxonomy
M2_PROB_PT123,중2,M2_PROBABILITY,확률,연속하여 꺼내는 경우의 확률(1) 꺼낸 것을 다시 넣는 경우 - 활용 추론,"확률의 계산 범주의 '연속하여 꺼내는 경우의 확률(1) 꺼낸 것을 다시 넣는 경우' 유형을 진단한다. 학생이 전체 경우, 사건 조건, 중복·누락 점검, 확률식 연결을 할 수 있는지 확인한다.",M2_PROB_C036|M2_PROB_C035,advanced,probability_calculation|event_operation|application|successive_trials,12,M2_PROB_RAW_041,curated_problem_type_from_raw_taxonomy
M2_PROB_PT124,중2,M2_PROBABILITY,확률,연속하여 꺼내는 경우의 확률(2) 꺼낸 것을 다시 넣지 않는 경우 - 기본 판별,"확률의 계산 범주의 '연속하여 꺼내는 경우의 확률(2) 꺼낸 것을 다시 넣지 않는 경우' 유형을 진단한다. 학생이 전체 경우, 사건 조건, 중복·누락 점검, 확률식 연결을 할 수 있는지 확인한다.",M2_PROB_C037|M2_PROB_C035,core,probability_calculation|event_operation|application|successive_trials,12,M2_PROB_RAW_042,curated_problem_type_from_raw_taxonomy
M2_PROB_PT125,중2,M2_PROBABILITY,확률,연속하여 꺼내는 경우의 확률(2) 꺼낸 것을 다시 넣지 않는 경우 - 조건 적용,"확률의 계산 범주의 '연속하여 꺼내는 경우의 확률(2) 꺼낸 것을 다시 넣지 않는 경우' 유형을 진단한다. 학생이 전체 경우, 사건 조건, 중복·누락 점검, 확률식 연결을 할 수 있는지 확인한다.",M2_PROB_C037|M2_PROB_C035,standard,probability_calculation|event_operation|application|successive_trials,12,M2_PROB_RAW_042,curated_problem_type_from_raw_taxonomy
M2_PROB_PT126,중2,M2_PROBABILITY,확률,연속하여 꺼내는 경우의 확률(2) 꺼낸 것을 다시 넣지 않는 경우 - 활용 추론,"확률의 계산 범주의 '연속하여 꺼내는 경우의 확률(2) 꺼낸 것을 다시 넣지 않는 경우' 유형을 진단한다. 학생이 전체 경우, 사건 조건, 중복·누락 점검, 확률식 연결을 할 수 있는지 확인한다.",M2_PROB_C037|M2_PROB_C035,advanced,probability_calculation|event_operation|application|successive_trials,12,M2_PROB_RAW_042,curated_problem_type_from_raw_taxonomy
M2_PROB_PT127,중2,M2_PROBABILITY,확률,연속하여 꺼내는 경우의 확률 - 기본 판별,"확률의 계산 범주의 '연속하여 꺼내는 경우의 확률' 유형을 진단한다. 학생이 전체 경우, 사건 조건, 중복·누락 점검, 확률식 연결을 할 수 있는지 확인한다.",M2_PROB_C036|M2_PROB_C037,core,probability_calculation|event_operation|application|successive_trials,12,M2_PROB_RAW_043,curated_problem_type_from_raw_taxonomy
M2_PROB_PT128,중2,M2_PROBABILITY,확률,연속하여 꺼내는 경우의 확률 - 조건 적용,"확률의 계산 범주의 '연속하여 꺼내는 경우의 확률' 유형을 진단한다. 학생이 전체 경우, 사건 조건, 중복·누락 점검, 확률식 연결을 할 수 있는지 확인한다.",M2_PROB_C036|M2_PROB_C037,standard,probability_calculation|event_operation|application|successive_trials,12,M2_PROB_RAW_043,curated_problem_type_from_raw_taxonomy
M2_PROB_PT129,중2,M2_PROBABILITY,확률,연속하여 꺼내는 경우의 확률 - 활용 추론,"확률의 계산 범주의 '연속하여 꺼내는 경우의 확률' 유형을 진단한다. 학생이 전체 경우, 사건 조건, 중복·누락 점검, 확률식 연결을 할 수 있는지 확인한다.",M2_PROB_C036|M2_PROB_C037,advanced,probability_calculation|event_operation|application|successive_trials,12,M2_PROB_RAW_043,curated_problem_type_from_raw_taxonomy
M2_PROB_PT130,중2,M2_PROBABILITY,확률,게임에서 이길 확률 - 기본 판별,"확률의 계산 범주의 '게임에서 이길 확률' 유형을 진단한다. 학생이 전체 경우, 사건 조건, 중복·누락 점검, 확률식 연결을 할 수 있는지 확인한다.",M2_PROB_C038|M2_PROB_C035,core,probability_calculation|event_operation|application|game_probability,12,M2_PROB_RAW_044,curated_problem_type_from_raw_taxonomy
M2_PROB_PT131,중2,M2_PROBABILITY,확률,게임에서 이길 확률 - 조건 적용,"확률의 계산 범주의 '게임에서 이길 확률' 유형을 진단한다. 학생이 전체 경우, 사건 조건, 중복·누락 점검, 확률식 연결을 할 수 있는지 확인한다.",M2_PROB_C038|M2_PROB_C035,standard,probability_calculation|event_operation|application|game_probability,12,M2_PROB_RAW_044,curated_problem_type_from_raw_taxonomy
M2_PROB_PT132,중2,M2_PROBABILITY,확률,게임에서 이길 확률 - 활용 추론,"확률의 계산 범주의 '게임에서 이길 확률' 유형을 진단한다. 학생이 전체 경우, 사건 조건, 중복·누락 점검, 확률식 연결을 할 수 있는지 확인한다.",M2_PROB_C038|M2_PROB_C035,advanced,probability_calculation|event_operation|application|game_probability,12,M2_PROB_RAW_044,curated_problem_type_from_raw_taxonomy
M2_PROB_PT133,중2,M2_PROBABILITY,확률,문제를 맞힐 확률 - 기본 판별,"확률의 계산 범주의 '문제를 맞힐 확률' 유형을 진단한다. 학생이 전체 경우, 사건 조건, 중복·누락 점검, 확률식 연결을 할 수 있는지 확인한다.",M2_PROB_C039|M2_PROB_C035,core,probability_calculation|event_operation|application,12,M2_PROB_RAW_045,curated_problem_type_from_raw_taxonomy
M2_PROB_PT134,중2,M2_PROBABILITY,확률,문제를 맞힐 확률 - 조건 적용,"확률의 계산 범주의 '문제를 맞힐 확률' 유형을 진단한다. 학생이 전체 경우, 사건 조건, 중복·누락 점검, 확률식 연결을 할 수 있는지 확인한다.",M2_PROB_C039|M2_PROB_C035,standard,probability_calculation|event_operation|application,12,M2_PROB_RAW_045,curated_problem_type_from_raw_taxonomy
M2_PROB_PT135,중2,M2_PROBABILITY,확률,문제를 맞힐 확률 - 활용 추론,"확률의 계산 범주의 '문제를 맞힐 확률' 유형을 진단한다. 학생이 전체 경우, 사건 조건, 중복·누락 점검, 확률식 연결을 할 수 있는지 확인한다.",M2_PROB_C039|M2_PROB_C035,advanced,probability_calculation|event_operation|application,12,M2_PROB_RAW_045,curated_problem_type_from_raw_taxonomy
M2_PROB_PT136,중2,M2_PROBABILITY,확률,명중률 - 기본 판별,"확률의 계산 범주의 '명중률' 유형을 진단한다. 학생이 전체 경우, 사건 조건, 중복·누락 점검, 확률식 연결을 할 수 있는지 확인한다.",M2_PROB_C040|M2_PROB_C035|M2_PROB_C030,core,probability_calculation|event_operation|application,13,M2_PROB_RAW_046,curated_problem_type_from_raw_taxonomy
M2_PROB_PT137,중2,M2_PROBABILITY,확률,명중률 - 조건 적용,"확률의 계산 범주의 '명중률' 유형을 진단한다. 학생이 전체 경우, 사건 조건, 중복·누락 점검, 확률식 연결을 할 수 있는지 확인한다.",M2_PROB_C040|M2_PROB_C035|M2_PROB_C030,standard,probability_calculation|event_operation|application,13,M2_PROB_RAW_046,curated_problem_type_from_raw_taxonomy
M2_PROB_PT138,중2,M2_PROBABILITY,확률,명중률 - 활용 추론,"확률의 계산 범주의 '명중률' 유형을 진단한다. 학생이 전체 경우, 사건 조건, 중복·누락 점검, 확률식 연결을 할 수 있는지 확인한다.",M2_PROB_C040|M2_PROB_C035|M2_PROB_C030,advanced,probability_calculation|event_operation|application,13,M2_PROB_RAW_046,curated_problem_type_from_raw_taxonomy
M2_PROB_PT139,중2,M2_PROBABILITY,확률,가위바위보에서의 확률 - 기본 판별,"확률의 계산 범주의 '가위바위보에서의 확률' 유형을 진단한다. 학생이 전체 경우, 사건 조건, 중복·누락 점검, 확률식 연결을 할 수 있는지 확인한다.",M2_PROB_C041|M2_PROB_C035,core,probability_calculation|event_operation|application|game_probability,13,M2_PROB_RAW_047,curated_problem_type_from_raw_taxonomy
M2_PROB_PT140,중2,M2_PROBABILITY,확률,가위바위보에서의 확률 - 조건 적용,"확률의 계산 범주의 '가위바위보에서의 확률' 유형을 진단한다. 학생이 전체 경우, 사건 조건, 중복·누락 점검, 확률식 연결을 할 수 있는지 확인한다.",M2_PROB_C041|M2_PROB_C035,standard,probability_calculation|event_operation|application|game_probability,13,M2_PROB_RAW_047,curated_problem_type_from_raw_taxonomy
M2_PROB_PT141,중2,M2_PROBABILITY,확률,가위바위보에서의 확률 - 활용 추론,"확률의 계산 범주의 '가위바위보에서의 확률' 유형을 진단한다. 학생이 전체 경우, 사건 조건, 중복·누락 점검, 확률식 연결을 할 수 있는지 확인한다.",M2_PROB_C041|M2_PROB_C035,advanced,probability_calculation|event_operation|application|game_probability,13,M2_PROB_RAW_047,curated_problem_type_from_raw_taxonomy
M2_PROB_PT142,중2,M2_PROBABILITY,확률,수직선에서 위치에 대한 확률 - 기본 판별,"확률의 계산 범주의 '수직선에서 위치에 대한 확률' 유형을 진단한다. 학생이 전체 경우, 사건 조건, 중복·누락 점검, 확률식 연결을 할 수 있는지 확인한다.",M2_PROB_C042|M2_PROB_C001,core,probability_calculation|event_operation|application,13,M2_PROB_RAW_048,curated_problem_type_from_raw_taxonomy
M2_PROB_PT143,중2,M2_PROBABILITY,확률,수직선에서 위치에 대한 확률 - 조건 적용,"확률의 계산 범주의 '수직선에서 위치에 대한 확률' 유형을 진단한다. 학생이 전체 경우, 사건 조건, 중복·누락 점검, 확률식 연결을 할 수 있는지 확인한다.",M2_PROB_C042|M2_PROB_C001,standard,probability_calculation|event_operation|application,13,M2_PROB_RAW_048,curated_problem_type_from_raw_taxonomy
M2_PROB_PT144,중2,M2_PROBABILITY,확률,수직선에서 위치에 대한 확률 - 활용 추론,"확률의 계산 범주의 '수직선에서 위치에 대한 확률' 유형을 진단한다. 학생이 전체 경우, 사건 조건, 중복·누락 점검, 확률식 연결을 할 수 있는지 확인한다.",M2_PROB_C042|M2_PROB_C001,advanced,probability_calculation|event_operation|application,13,M2_PROB_RAW_048,curated_problem_type_from_raw_taxonomy
M2_PROB_PT145,중2,M2_PROBABILITY,확률,도형 또는 좌표평면에서의 확률 - 기본 판별,"확률의 계산 범주의 '도형 또는 좌표평면에서의 확률' 유형을 진단한다. 학생이 전체 경우, 사건 조건, 중복·누락 점검, 확률식 연결을 할 수 있는지 확인한다.",M2_PROB_C042|M2_PROB_C019,core,probability_calculation|event_operation|application|geometry_probability,13,M2_PROB_RAW_049,curated_problem_type_from_raw_taxonomy
M2_PROB_PT146,중2,M2_PROBABILITY,확률,도형 또는 좌표평면에서의 확률 - 조건 적용,"확률의 계산 범주의 '도형 또는 좌표평면에서의 확률' 유형을 진단한다. 학생이 전체 경우, 사건 조건, 중복·누락 점검, 확률식 연결을 할 수 있는지 확인한다.",M2_PROB_C042|M2_PROB_C019,standard,probability_calculation|event_operation|application|geometry_probability,13,M2_PROB_RAW_049,curated_problem_type_from_raw_taxonomy
M2_PROB_PT147,중2,M2_PROBABILITY,확률,도형 또는 좌표평면에서의 확률 - 활용 추론,"확률의 계산 범주의 '도형 또는 좌표평면에서의 확률' 유형을 진단한다. 학생이 전체 경우, 사건 조건, 중복·누락 점검, 확률식 연결을 할 수 있는지 확인한다.",M2_PROB_C042|M2_PROB_C019,advanced,probability_calculation|event_operation|application|geometry_probability,13,M2_PROB_RAW_049,curated_problem_type_from_raw_taxonomy
M2_PROB_PT148,중2,M2_PROBABILITY,확률,평면도형에서의 확률(넓이를 이용한 확률) - 기본 판별,"확률의 계산 범주의 '평면도형에서의 확률(넓이를 이용한 확률)' 유형을 진단한다. 학생이 전체 경우, 사건 조건, 중복·누락 점검, 확률식 연결을 할 수 있는지 확인한다.",M2_PROB_C042|M2_PROB_C023,core,probability_calculation|event_operation|application|geometry_probability,14,M2_PROB_RAW_050,curated_problem_type_from_raw_taxonomy
M2_PROB_PT149,중2,M2_PROBABILITY,확률,평면도형에서의 확률(넓이를 이용한 확률) - 조건 적용,"확률의 계산 범주의 '평면도형에서의 확률(넓이를 이용한 확률)' 유형을 진단한다. 학생이 전체 경우, 사건 조건, 중복·누락 점검, 확률식 연결을 할 수 있는지 확인한다.",M2_PROB_C042|M2_PROB_C023,standard,probability_calculation|event_operation|application|geometry_probability,14,M2_PROB_RAW_050,curated_problem_type_from_raw_taxonomy
M2_PROB_PT150,중2,M2_PROBABILITY,확률,평면도형에서의 확률(넓이를 이용한 확률) - 활용 추론,"확률의 계산 범주의 '평면도형에서의 확률(넓이를 이용한 확률)' 유형을 진단한다. 학생이 전체 경우, 사건 조건, 중복·누락 점검, 확률식 연결을 할 수 있는지 확인한다.",M2_PROB_C042|M2_PROB_C023,advanced,probability_calculation|event_operation|application|geometry_probability,14,M2_PROB_RAW_050,curated_problem_type_from_raw_taxonomy
M2_PROB_PT151,중2,M2_PROBABILITY,확률,대진표에서의 확률 - 기본 판별,"확률의 계산 범주의 '대진표에서의 확률' 유형을 진단한다. 학생이 전체 경우, 사건 조건, 중복·누락 점검, 확률식 연결을 할 수 있는지 확인한다.",M2_PROB_C041|M2_PROB_C022,core,probability_calculation|event_operation|application|game_probability,14,M2_PROB_RAW_051,curated_problem_type_from_raw_taxonomy
M2_PROB_PT152,중2,M2_PROBABILITY,확률,대진표에서의 확률 - 조건 적용,"확률의 계산 범주의 '대진표에서의 확률' 유형을 진단한다. 학생이 전체 경우, 사건 조건, 중복·누락 점검, 확률식 연결을 할 수 있는지 확인한다.",M2_PROB_C041|M2_PROB_C022,standard,probability_calculation|event_operation|application|game_probability,14,M2_PROB_RAW_051,curated_problem_type_from_raw_taxonomy
M2_PROB_PT153,중2,M2_PROBABILITY,확률,대진표에서의 확률 - 활용 추론,"확률의 계산 범주의 '대진표에서의 확률' 유형을 진단한다. 학생이 전체 경우, 사건 조건, 중복·누락 점검, 확률식 연결을 할 수 있는지 확인한다.",M2_PROB_C041|M2_PROB_C022,advanced,probability_calculation|event_operation|application|game_probability,14,M2_PROB_RAW_051,curated_problem_type_from_raw_taxonomy
