item_id,source_id,source_question_no,source_page,solution_page,source_fingerprint,structure_fingerprint,source_type_label,answer_key,response_format,primary_problem_type_id,secondary_problem_type_ids,concept_ids,prerequisite_concept_ids,future_connection_ids,difficulty,observed_accuracy_percent,observed_challenge_band,variant_id,near_duplicate_group,mapping_status,mapping_confidence,review_status
M2_NE_150_S06_Q001,SRC_M2_NE_150_WORKSHEET_SET06_20260710,001,1,24,e35c1cb331af869f9b7afa945d9fe734c363f7a4fef296cce5a56268dc915a3c,9d7a2462a0a7b59cca9a0f6c5407d6275ca4542425a4894e0e9eea9be159b692,유한소수로 나타낼 수 있는(없는) 분수,18/45,fraction,M2_NE_PT011,,M2_NE_C005|M2_NE_C007,M2_NE_C004|M2_NE_C005,,core,67,medium_observed_challenge,M2_NE_PT011__M2NE150S06_Q001,M2_NE_PT011::M2_NE_150_SET06,existing_canonical_type_matched,0.98,verified_against_problem_answer_and_solution
M2_NE_150_S06_Q002,SRC_M2_NE_150_WORKSHEET_SET06_20260710,002,1,24,0b70affc5429f876ff365748330444ba054ecf1d69b47a4e971fd100efe7af42,63d27b77e5e121f76ea65a959b191e486a31216927ef104c8236e6e9ca1c85f4,유한소수로 나타낼 수 있는(없는) 분수,choice:2,single_choice,M2_NE_PT011,,M2_NE_C005|M2_NE_C007,M2_NE_C004|M2_NE_C005,,core,86,low_observed_challenge,M2_NE_PT011__M2NE150S06_Q002,M2_NE_PT011::M2_NE_150_SET06,existing_canonical_type_matched,0.98,verified_against_problem_answer_and_solution
M2_NE_150_S06_Q003,SRC_M2_NE_150_WORKSHEET_SET06_20260710,003,1,24,ec6d754a2a391e4b3662b03cefb70d750d70996b0cff167ef4db8ce6e67677fc,9273b7d48f4bbff2b2fdd585aba10721d3c6d9b9f346e9b7dab294f3eed0154d,유한소수로 나타낼 수 있는(없는) 분수,4,integer,M2_NE_PT011,M2_NE_PT010,M2_NE_C005|M2_NE_C007,M2_NE_C004|M2_NE_C005,,core,71,medium_observed_challenge,M2_NE_PT011__M2NE150S06_Q003,M2_NE_PT011::M2_NE_150_SET06,existing_canonical_type_matched,0.98,verified_against_problem_answer_and_solution
M2_NE_150_S06_Q004,SRC_M2_NE_150_WORKSHEET_SET06_20260710,004,1,24,8bdeebb824190dc238bf87fe77fcca28ebfb530c7ebf614a482d8ffa268329b5,3ca2348ff5934a4c346de01a092d0b87d4fe4a3788a7d14cb512216bff0dba8b,유한소수로 나타낼 수 있는(없는) 분수,24,integer,M2_NE_PT011,M2_NE_PT010,M2_NE_C005|M2_NE_C007,M2_NE_C004|M2_NE_C005,,core,48,high_observed_challenge,M2_NE_PT011__M2NE150S06_Q004,M2_NE_PT011::M2_NE_150_SET06,existing_canonical_type_matched,0.98,verified_against_problem_answer_and_solution
M2_NE_150_S06_Q005,SRC_M2_NE_150_WORKSHEET_SET06_20260710,005,1,24,4a995c20b98cf742e106aadb4bc8d783ceb013986a7d09a3ba524cfdae9c81f1,029f6b4961bbceb535e2bda06a04e9b41dc46fb95a8abae2fe41ad76547634e4,B/A X x가 유한소수가 되도록 하는 x의 값 구하기,21,integer,M2_NE_PT013,,M2_NE_C005|M2_NE_C006|M2_NE_C007,M2_NE_C004|M2_NE_C005,,advanced,74,medium_observed_challenge,M2_NE_PT013__M2NE150S06_Q005,M2_NE_PT013::M2_NE_150_SET06,existing_canonical_type_matched,0.98,verified_against_problem_answer_and_solution
M2_NE_150_S06_Q006,SRC_M2_NE_150_WORKSHEET_SET06_20260710,006,1,24,d6232742f2afabb340c81885d2f7735cbdbe6c287ba32de529b06b0d96c0949c,1d058880ad38229a5389016960b6544d82c5cac3a1921f9963c37fbc575d51dc,B/A X x가 유한소수가 되도록 하는 x의 값 구하기,choice:3,single_choice,M2_NE_PT013,,M2_NE_C005|M2_NE_C006|M2_NE_C007,M2_NE_C004|M2_NE_C005,,advanced,85,low_observed_challenge,M2_NE_PT013__M2NE150S06_Q006,M2_NE_PT013::M2_NE_150_SET06,existing_canonical_type_matched,0.98,verified_against_problem_answer_and_solution
M2_NE_150_S06_Q007,SRC_M2_NE_150_WORKSHEET_SET06_20260710,007,2,25,29a862ec0cd54adff4247dc7b3881835adcbb2376099ab7fc1c69732d2ddc8e6,029f6b4961bbceb535e2bda06a04e9b41dc46fb95a8abae2fe41ad76547634e4,B/A X x가 유한소수가 되도록 하는 x의 값 구하기,15,integer,M2_NE_PT013,,M2_NE_C005|M2_NE_C006|M2_NE_C007,M2_NE_C004|M2_NE_C005,,advanced,54,high_observed_challenge,M2_NE_PT013__M2NE150S06_Q007,M2_NE_PT013::M2_NE_150_SET06,existing_canonical_type_matched,0.98,verified_against_problem_answer_and_solution
M2_NE_150_S06_Q008,SRC_M2_NE_150_WORKSHEET_SET06_20260710,008,2,25,f98c30f3521e5661bd0a9bcb400fc3c465d4231a2a27242979e8956020b8c709,b08679e93410e2c99f67f4323fcf11aa5bb6fafc0b67c0abe96a64e558de6dbb,B/A X x가 유한소수가 되도록 하는 x의 값 구하기,89,integer,M2_NE_PT014,M2_NE_PT013,M2_NE_C005|M2_NE_C006|M2_NE_C007,M2_NE_C004|M2_NE_C005,,advanced,54,high_observed_challenge,M2_NE_PT014__M2NE150S06_Q008,M2_NE_PT014::M2_NE_150_SET06,existing_canonical_type_matched,0.98,verified_against_problem_answer_and_solution
M2_NE_150_S06_Q009,SRC_M2_NE_150_WORKSHEET_SET06_20260710,009,2,25,96050cc846d2ecc43f6f50da56b87e362771e28dcef35c5cc977addd89903891,8de667f888ca5eb614d566c8dbecb4c0a87b2f13947a1d2c583a11a322b731e1,B/(A X x)가 유한소수가 되도록 하는 x의 값 구하기,choice:2,single_choice,M2_NE_PT018,M2_NE_PT016,M2_NE_C005|M2_NE_C007|M2_NE_C008,M2_NE_C004|M2_NE_C005|M2_NE_C007,,advanced,61,high_observed_challenge,M2_NE_PT018__M2NE150S06_Q009,M2_NE_PT018::M2_NE_150_SET06,existing_canonical_type_matched,0.98,verified_against_problem_answer_and_solution
M2_NE_150_S06_Q010,SRC_M2_NE_150_WORKSHEET_SET06_20260710,010,2,25,cea43958c6a19f604e9574dca4e0f9efaa7f5a956932019a79fc9f0f8070c0b5,6eac0e97f5ccac25b0234c52a5f67b4e1e49d5cdbe41412832fe5f5e90a2b154,B/(A X x)가 유한소수가 되도록 하는 x의 값 구하기,80,integer,M2_NE_PT016,,M2_NE_C005|M2_NE_C007|M2_NE_C008,M2_NE_C004|M2_NE_C005|M2_NE_C007,,advanced,50,high_observed_challenge,M2_NE_PT016__M2NE150S06_Q010,M2_NE_PT016::M2_NE_150_SET06,existing_canonical_type_matched,0.98,verified_against_problem_answer_and_solution
M2_NE_150_S06_Q011,SRC_M2_NE_150_WORKSHEET_SET06_20260710,011,2,25,196d2a102f27fb06d9dd0a7a0d4e52e7e26e1f187fb1550927106a40958f6ef4,6eac0e97f5ccac25b0234c52a5f67b4e1e49d5cdbe41412832fe5f5e90a2b154,B/(A X x)가 유한소수가 되도록 하는 x의 값 구하기,4,integer,M2_NE_PT016,,M2_NE_C005|M2_NE_C007|M2_NE_C008,M2_NE_C004|M2_NE_C005|M2_NE_C007,,advanced,53,high_observed_challenge,M2_NE_PT016__M2NE150S06_Q011,M2_NE_PT016::M2_NE_150_SET06,existing_canonical_type_matched,0.98,verified_against_problem_answer_and_solution
M2_NE_150_S06_Q012,SRC_M2_NE_150_WORKSHEET_SET06_20260710,012,2,25,4f2dc4aee44db0be290d32a85c91f974868f49ef5b18a9d6141da108ae3cd521,6eac0e97f5ccac25b0234c52a5f67b4e1e49d5cdbe41412832fe5f5e90a2b154,B/(A X x)가 유한소수가 되도록 하는 x의 값 구하기,3,integer,M2_NE_PT016,,M2_NE_C005|M2_NE_C007|M2_NE_C008,M2_NE_C004|M2_NE_C005|M2_NE_C007,,advanced,52,high_observed_challenge,M2_NE_PT016__M2NE150S06_Q012,M2_NE_PT016::M2_NE_150_SET06,existing_canonical_type_matched,0.98,verified_against_problem_answer_and_solution
M2_NE_150_S06_Q013,SRC_M2_NE_150_WORKSHEET_SET06_20260710,013,2,25,7a879db8be852cac071e4a5cf124befcf781aa312e4120782c243ae7e5231635,d2aef29ffda380af686f28559a05a0097f91d0f132ab56e6347c42b4dec5d664,유한소수가 되는 x/A를 기약분수로 나타내기,21,integer,M2_NE_PT019,,M2_NE_C005|M2_NE_C006|M2_NE_C007,M2_NE_C004|M2_NE_C005,,advanced,86,low_observed_challenge,M2_NE_PT019__M2NE150S06_Q013,M2_NE_PT019::M2_NE_150_SET06,existing_canonical_type_matched,0.98,verified_against_problem_answer_and_solution
M2_NE_150_S06_Q014,SRC_M2_NE_150_WORKSHEET_SET06_20260710,014,2,25,24aeeebf2da21d2956cfd9c5d07da3b852714937375d58029cb269806069496c,d2aef29ffda380af686f28559a05a0097f91d0f132ab56e6347c42b4dec5d664,유한소수가 되는 x/A를 기약분수로 나타내기,29,integer,M2_NE_PT019,,M2_NE_C005|M2_NE_C006|M2_NE_C007,M2_NE_C004|M2_NE_C005,,advanced,82,low_observed_challenge,M2_NE_PT019__M2NE150S06_Q014,M2_NE_PT019::M2_NE_150_SET06,existing_canonical_type_matched,0.98,verified_against_problem_answer_and_solution
M2_NE_150_S06_Q015,SRC_M2_NE_150_WORKSHEET_SET06_20260710,015,2,25,0dbe2746d2d81ce41cded92b52152ad8de57c42c63c848703ed790467f9ab186,d2aef29ffda380af686f28559a05a0097f91d0f132ab56e6347c42b4dec5d664,유한소수가 되는 x/A를 기약분수로 나타내기,13,integer,M2_NE_PT019,,M2_NE_C005|M2_NE_C006|M2_NE_C007,M2_NE_C004|M2_NE_C005,,advanced,77,medium_observed_challenge,M2_NE_PT019__M2NE150S06_Q015,M2_NE_PT019::M2_NE_150_SET06,existing_canonical_type_matched,0.98,verified_against_problem_answer_and_solution
M2_NE_150_S06_Q016,SRC_M2_NE_150_WORKSHEET_SET06_20260710,016,2,26,7c2218df57a48dbe44035448e455654eb8588ff0ab45719ba19d71907479b5e9,034cb75f6580aa17dce6dc747576a1485720f230db071dfa6a38531200742076,2개 이상의 분수가 동시에 유한소수가 되도록 하는 미지수의 값,choice:2,single_choice,M2_NE_PT022,,M2_NE_C005|M2_NE_C008,M2_NE_C004|M2_NE_C007,,advanced,82,low_observed_challenge,M2_NE_PT022__M2NE150S06_Q016,M2_NE_PT022::M2_NE_150_SET06,existing_canonical_type_matched,0.98,verified_against_problem_answer_and_solution
M2_NE_150_S06_Q017,SRC_M2_NE_150_WORKSHEET_SET06_20260710,017,3,26,0cfcf0b000f46f159e9ccb4214b652d11db11eb5c7dfc2a90b52563ea89c7cd0,748920baf57dd182766e43f9c5c6be09e8fc35364b1e02db07772a368b2560c6,2개 이상의 분수가 동시에 유한소수가 되도록 하는 미지수의 값,63,integer,M2_NE_PT022,,M2_NE_C005|M2_NE_C008,M2_NE_C004|M2_NE_C007,,advanced,71,medium_observed_challenge,M2_NE_PT022__M2NE150S06_Q017,M2_NE_PT022::M2_NE_150_SET06,existing_canonical_type_matched,0.98,verified_against_problem_answer_and_solution
M2_NE_150_S06_Q018,SRC_M2_NE_150_WORKSHEET_SET06_20260710,018,3,26,d269021af91322466bad4b5abdd8931f41dbb7e20675480e8fa029eb79eea062,748920baf57dd182766e43f9c5c6be09e8fc35364b1e02db07772a368b2560c6,2개 이상의 분수가 동시에 유한소수가 되도록 하는 미지수의 값,63,integer,M2_NE_PT022,,M2_NE_C005|M2_NE_C008,M2_NE_C004|M2_NE_C007,,advanced,83,low_observed_challenge,M2_NE_PT022__M2NE150S06_Q018,M2_NE_PT022::M2_NE_150_SET06,existing_canonical_type_matched,0.98,verified_against_problem_answer_and_solution
M2_NE_150_S06_Q019,SRC_M2_NE_150_WORKSHEET_SET06_20260710,019,3,26,9e050d7f0c54a0e352c989de6cc01d744bb321f7fd5a9eae64557b856b4e748c,7f936105ed375621ffb223a0a9e38191f5392740fca9055089a2c7e353a6ca91,순환마디,choice:2,single_choice,M2_NE_PT025,M2_NE_PT024,M2_NE_C003|M2_NE_C009|M2_NE_C010,M2_NE_C002|M2_NE_C003|M2_NE_C009,,basic,83,low_observed_challenge,M2_NE_PT025__M2NE150S06_Q019,M2_NE_PT025::M2_NE_150_SET06,existing_canonical_type_matched,0.98,verified_against_problem_answer_and_solution
M2_NE_150_S06_Q020,SRC_M2_NE_150_WORKSHEET_SET06_20260710,020,3,26,c8cdeafc6e01f96dfcd45403b18042e85122e5050523479d8f5edcc6f863e0d2,7f936105ed375621ffb223a0a9e38191f5392740fca9055089a2c7e353a6ca91,순환마디,choice:3,single_choice,M2_NE_PT025,M2_NE_PT024,M2_NE_C003|M2_NE_C009|M2_NE_C010,M2_NE_C002|M2_NE_C003|M2_NE_C009,,basic,72,medium_observed_challenge,M2_NE_PT025__M2NE150S06_Q020,M2_NE_PT025::M2_NE_150_SET06,existing_canonical_type_matched,0.98,verified_against_problem_answer_and_solution
M2_NE_150_S06_Q021,SRC_M2_NE_150_WORKSHEET_SET06_20260710,021,3,26,827b76374d559510a4c3e1bfaed4300a6e8a44b5945b1836a605f13ff8dbc2d4,75c9e0fa8109add2fd4155ac888aad93592cfd0b46174aedcbedf74291bc3821,순환마디,285714,integer,M2_NE_PT024,,M2_NE_C003|M2_NE_C009|M2_NE_C010,M2_NE_C002|M2_NE_C003|M2_NE_C009,,basic,59,high_observed_challenge,M2_NE_PT024__M2NE150S06_Q021,M2_NE_PT024::M2_NE_150_SET06,existing_canonical_type_matched,0.98,verified_against_problem_answer_and_solution
M2_NE_150_S06_Q022,SRC_M2_NE_150_WORKSHEET_SET06_20260710,022,4,26,e9a88ddae604f9c78949eb26b329c107c51b9b541f68e7e02d37461b0e02bfb5,7f936105ed375621ffb223a0a9e38191f5392740fca9055089a2c7e353a6ca91,순환마디,choice:2,single_choice,M2_NE_PT025,M2_NE_PT024,M2_NE_C003|M2_NE_C009|M2_NE_C010,M2_NE_C002|M2_NE_C003|M2_NE_C009,,basic,65,medium_observed_challenge,M2_NE_PT025__M2NE150S06_Q022,M2_NE_PT025::M2_NE_150_SET06,existing_canonical_type_matched,0.98,verified_against_problem_answer_and_solution
M2_NE_150_S06_Q023,SRC_M2_NE_150_WORKSHEET_SET06_20260710,023,4,26,ee8e5ba971ef6095b6ff5b2f70b4f157f09e6825619895f0bf0894ebe10c9ee2,e645c8c3cca850b89e931a6d9942c023bdafa66840f6903eb921c93bee6e5e1b,소수점 아래 n번째 자리의 숫자 구하기,10,integer,M2_NE_PT033,M2_NE_PT030,M2_NE_C010|M2_NE_C011,M2_NE_C009|M2_NE_C010,,advanced,78,medium_observed_challenge,M2_NE_PT033__M2NE150S06_Q023,M2_NE_PT033::M2_NE_150_SET06,existing_canonical_type_matched,0.98,verified_against_problem_answer_and_solution
M2_NE_150_S06_Q024,SRC_M2_NE_150_WORKSHEET_SET06_20260710,024,4,26,1456dca6cb8583b2a4d2ebcc7b0dac6bff412c3f83c90a12c9a0e3fbd3ac0504,05a34f6824c54c83b655447a5b4e4cd3b16829ca08aaaae5350dd78ab17c2f4f,소수점 아래 n번째 자리의 숫자 구하기,choice:3,single_choice,M2_NE_PT031,,M2_NE_C010|M2_NE_C011,M2_NE_C009|M2_NE_C010,,advanced,83,low_observed_challenge,M2_NE_PT031__M2NE150S06_Q024,M2_NE_PT031::M2_NE_150_SET06,existing_canonical_type_matched,0.98,verified_against_problem_answer_and_solution
M2_NE_150_S06_Q025,SRC_M2_NE_150_WORKSHEET_SET06_20260710,025,4,27,63e8584df1279f814f17bf75ca1cb90094a213ac6ab5582a5baf2e4a4cce9204,1a79d6a5bbd2ab6f7afa339aa677bf42d1460e2f61c82f411c5c8de6a0088b7d,소수점 아래 n번째 자리의 숫자 구하기,8,integer,M2_NE_PT031,,M2_NE_C010|M2_NE_C011,M2_NE_C009|M2_NE_C010,,advanced,67,medium_observed_challenge,M2_NE_PT031__M2NE150S06_Q025,M2_NE_PT031::M2_NE_150_SET06,existing_canonical_type_matched,0.98,verified_against_problem_answer_and_solution
M2_NE_150_S06_Q026,SRC_M2_NE_150_WORKSHEET_SET06_20260710,026,4,27,0745baa6fbb55831631ab01c2f00c68251931182e950648628123b40e5aa9b21,e645c8c3cca850b89e931a6d9942c023bdafa66840f6903eb921c93bee6e5e1b,소수점 아래 n번째 자리의 숫자 구하기,189,integer,M2_NE_PT033,M2_NE_PT030,M2_NE_C010|M2_NE_C011,M2_NE_C009|M2_NE_C010,,advanced,55,high_observed_challenge,M2_NE_PT033__M2NE150S06_Q026,M2_NE_PT033::M2_NE_150_SET06,existing_canonical_type_matched,0.98,verified_against_problem_answer_and_solution
M2_NE_150_S06_Q027,SRC_M2_NE_150_WORKSHEET_SET06_20260710,027,4,27,527b072a52dcf4a5da9749f467670e6f203dc61a442fe6ef6ac860628f6eb09f,c00114f8dee063f5b2b527ef2a420a939b66d6dacbbbe999780f31e64a01bc40,순환소수가 되도록 하는 미지수의 값,14,integer,M2_NE_PT034,,M2_NE_C005|M2_NE_C007|M2_NE_C014,M2_NE_C004|M2_NE_C005|M2_NE_C013,,advanced,67,medium_observed_challenge,M2_NE_PT034__M2NE150S06_Q027,M2_NE_PT034::M2_NE_150_SET06,existing_canonical_type_matched,0.98,verified_against_problem_answer_and_solution
M2_NE_150_S06_Q028,SRC_M2_NE_150_WORKSHEET_SET06_20260710,028,4,27,3b3caed1e782c81f3786f5643e37519fba855ac322bc3cb2d3b4464df8d4508a,4443cb46a04194bc28a61b1b72655fceca3d2480a8f77ba8eb26e20207bb85fd,순환소수가 되도록 하는 미지수의 값,choice:5,single_choice,M2_NE_PT034,,M2_NE_C005|M2_NE_C007|M2_NE_C014,M2_NE_C004|M2_NE_C005|M2_NE_C013,,advanced,81,low_observed_challenge,M2_NE_PT034__M2NE150S06_Q028,M2_NE_PT034::M2_NE_150_SET06,existing_canonical_type_matched,0.98,verified_against_problem_answer_and_solution
M2_NE_150_S06_Q029,SRC_M2_NE_150_WORKSHEET_SET06_20260710,029,4,27,07a89b622d9336f5a2e601a0d1523aaf02b90889d1bd821eca006bd320f64861,4443cb46a04194bc28a61b1b72655fceca3d2480a8f77ba8eb26e20207bb85fd,순환소수가 되도록 하는 미지수의 값,choice:1,single_choice,M2_NE_PT034,,M2_NE_C005|M2_NE_C007|M2_NE_C014,M2_NE_C004|M2_NE_C005|M2_NE_C013,,advanced,80,low_observed_challenge,M2_NE_PT034__M2NE150S06_Q029,M2_NE_PT034::M2_NE_150_SET06,existing_canonical_type_matched,0.98,verified_against_problem_answer_and_solution
M2_NE_150_S06_Q030,SRC_M2_NE_150_WORKSHEET_SET06_20260710,030,5,27,70d9986fb307bc8dc06bb89ae68de04f3f0f84388457973a8bb3904961b9f922,d46b8671cfd1ca837ba520885c2476117c504a01bd28f04d5478172beba8967e,순환소수를 분수로 나타내기(3) - 조건제한이 없는 경우,13/18,fraction,M2_NE_PT045,M2_NE_PT042,M2_NE_C012|M2_NE_C013|M2_NE_C014,M2_NE_C009|M2_NE_C012|M2_NE_C013,,advanced,72,medium_observed_challenge,M2_NE_PT045__M2NE150S06_Q030,M2_NE_PT045::M2_NE_150_SET06,existing_canonical_type_matched,0.98,verified_against_problem_answer_and_solution
M2_NE_150_S06_Q031,SRC_M2_NE_150_WORKSHEET_SET06_20260710,031,5,27,8389101dfd6b45de12fde5715ae6767625ed07f50883ef872d98702b9a77a6d9,09a213a83acc49e3a31cf981912d03d43179a447b1f564b7c920641baf01e70c,순환소수를 분수로 나타내기(3) - 조건제한이 없는 경우,199,integer,M2_NE_PT043,M2_NE_PT044,M2_NE_C012|M2_NE_C013|M2_NE_C014,M2_NE_C009|M2_NE_C012|M2_NE_C013,,advanced,67,medium_observed_challenge,M2_NE_PT043__M2NE150S06_Q031,M2_NE_PT043::M2_NE_150_SET06,existing_canonical_type_matched,0.98,verified_against_problem_answer_and_solution
M2_NE_150_S06_Q032,SRC_M2_NE_150_WORKSHEET_SET06_20260710,032,5,27,d66bd3c5ace199a74e4748851a7275d9eac2867245e39ec031772fe8a4563ce8,44bf04cf5e99a05b5a120065b7659acc54322d7b8faa325f2646f5c940de9d19,순환소수를 분수로 나타내기(3) - 조건제한이 없는 경우,choice:2,single_choice,M2_NE_PT045,M2_NE_PT040|M2_NE_PT041,M2_NE_C012|M2_NE_C013|M2_NE_C014,M2_NE_C009|M2_NE_C012|M2_NE_C013,,advanced,90,low_observed_challenge,M2_NE_PT045__M2NE150S06_Q032,M2_NE_PT045::M2_NE_150_SET06,existing_canonical_type_matched,0.98,verified_against_problem_answer_and_solution
M2_NE_150_S06_Q033,SRC_M2_NE_150_WORKSHEET_SET06_20260710,033,5,27,484cbc0b7782ad2087c0fcd63575158a55180c4f3f87f754ca819fa7dd044e1b,44bf04cf5e99a05b5a120065b7659acc54322d7b8faa325f2646f5c940de9d19,순환소수를 분수로 나타내기(3) - 조건제한이 없는 경우,choice:5,single_choice,M2_NE_PT045,M2_NE_PT040|M2_NE_PT041,M2_NE_C012|M2_NE_C013|M2_NE_C014,M2_NE_C009|M2_NE_C012|M2_NE_C013,,advanced,89,low_observed_challenge,M2_NE_PT045__M2NE150S06_Q033,M2_NE_PT045::M2_NE_150_SET06,existing_canonical_type_matched,0.98,verified_against_problem_answer_and_solution
M2_NE_150_S06_Q034,SRC_M2_NE_150_WORKSHEET_SET06_20260710,034,5,27,d0a100edc4949a63a52fee22cc7bcc5951f53d2084895029baabe8376e18b197,8689f9a6175560998df82b2949ba7fe1be2850ad8fc54582f2865523d6474e8a,순환소수의 대소 관계,choice:1,single_choice,M2_NE_PT048,,M2_NE_C015,M2_NE_C012,,core,78,medium_observed_challenge,M2_NE_PT048__M2NE150S06_Q034,M2_NE_PT048::M2_NE_150_SET06,existing_canonical_type_matched,0.98,verified_against_problem_answer_and_solution
M2_NE_150_S06_Q035,SRC_M2_NE_150_WORKSHEET_SET06_20260710,035,5,27,5aa4ff3108e618e4076d023a52e96f0eb9363a241b7ca7a6027ec2e40b808fb4,8689f9a6175560998df82b2949ba7fe1be2850ad8fc54582f2865523d6474e8a,순환소수의 대소 관계,choice:3,single_choice,M2_NE_PT048,,M2_NE_C015,M2_NE_C012,,core,81,low_observed_challenge,M2_NE_PT048__M2NE150S06_Q035,M2_NE_PT048::M2_NE_150_SET06,existing_canonical_type_matched,0.98,verified_against_problem_answer_and_solution
M2_NE_150_S06_Q036,SRC_M2_NE_150_WORKSHEET_SET06_20260710,036,5,28,f2dfce89e9f9984d327fff379b74a235fb45db5ad6559a0dd7de06f4c3cdee8d,8689f9a6175560998df82b2949ba7fe1be2850ad8fc54582f2865523d6474e8a,순환소수의 대소 관계,choice:3,single_choice,M2_NE_PT048,,M2_NE_C015,M2_NE_C012,,core,82,low_observed_challenge,M2_NE_PT048__M2NE150S06_Q036,M2_NE_PT048::M2_NE_150_SET06,existing_canonical_type_matched,0.98,verified_against_problem_answer_and_solution
M2_NE_150_S06_Q037,SRC_M2_NE_150_WORKSHEET_SET06_20260710,037,6,28,9f0fd94702ec4934604ce937774fc278b1d34aecbeaa9ed4aa9d7aa6ea9f2931,8689f9a6175560998df82b2949ba7fe1be2850ad8fc54582f2865523d6474e8a,순환소수의 대소 관계,choice:1,single_choice,M2_NE_PT048,,M2_NE_C015,M2_NE_C012,,core,61,high_observed_challenge,M2_NE_PT048__M2NE150S06_Q037,M2_NE_PT048::M2_NE_150_SET06,existing_canonical_type_matched,0.98,verified_against_problem_answer_and_solution
M2_NE_150_S06_Q038,SRC_M2_NE_150_WORKSHEET_SET06_20260710,038,6,28,f495cefab16fd06ad09d0ecf90dcc4c8976ced2f56354307a8f7338d3c9dda88,9baf30cb8dce25e68c271142a51dcbe2477d1948150d80bd162e36e3293206ea,순환소수를 포함한 식의 계산,43/45,fraction,M2_NE_PT050,,M2_NE_C012|M2_NE_C013|M2_NE_C016,M2_NE_C009|M2_NE_C012,,advanced,75,medium_observed_challenge,M2_NE_PT050__M2NE150S06_Q038,M2_NE_PT050::M2_NE_150_SET06,existing_canonical_type_matched,0.98,verified_against_problem_answer_and_solution
M2_NE_150_S06_Q039,SRC_M2_NE_150_WORKSHEET_SET06_20260710,039,6,28,ee94e32f5ce02f6b346aa46ce45dd217c6d8ed1416b2a5af4a5a6a4e447bac23,c5bb5840b86c38d3bd6e9e5fff3e91e2decaca17ea01a45a9f28bf23281d4cb1,순환소수를 포함한 식의 계산,choice:4,single_choice,M2_NE_PT051,M2_NE_PT050,M2_NE_C012|M2_NE_C013|M2_NE_C016,M2_NE_C009|M2_NE_C012,,advanced,74,medium_observed_challenge,M2_NE_PT051__M2NE150S06_Q039,M2_NE_PT051::M2_NE_150_SET06,existing_canonical_type_matched,0.98,verified_against_problem_answer_and_solution
M2_NE_150_S06_Q040,SRC_M2_NE_150_WORKSHEET_SET06_20260710,040,6,28,020ef2962637e9f9781c8697567a2b9b0dddbdc8b3a7f0689abc0f87fd981d89,1cb7f2df6520d5b4d3f869d00a068a2e14c76dff46228a63ec3be0bb9bf9b5f3,순환소수를 포함한 식의 계산,6,integer,M2_NE_PT051,M2_NE_PT050,M2_NE_C012|M2_NE_C013|M2_NE_C016,M2_NE_C009|M2_NE_C012,,advanced,75,medium_observed_challenge,M2_NE_PT051__M2NE150S06_Q040,M2_NE_PT051::M2_NE_150_SET06,existing_canonical_type_matched,0.98,verified_against_problem_answer_and_solution
M2_NE_150_S06_Q041,SRC_M2_NE_150_WORKSHEET_SET06_20260710,041,6,28,9449cc9f25c30a4c8ca43d12d89fb10acc10600389b0f81e64378da5ab78964d,ca2ff2cd452e3a646eaf3159cf934ee21150feb60a294cfd99df409f75b64475,순환소수를 포함한 식의 계산,2/3,fraction,M2_NE_PT051,M2_NE_PT050,M2_NE_C012|M2_NE_C013|M2_NE_C016,M2_NE_C009|M2_NE_C012,,advanced,77,medium_observed_challenge,M2_NE_PT051__M2NE150S06_Q041,M2_NE_PT051::M2_NE_150_SET06,existing_canonical_type_matched,0.98,verified_against_problem_answer_and_solution
M2_NE_150_S06_Q042,SRC_M2_NE_150_WORKSHEET_SET06_20260710,042,6,28,9179d0390fc7e1c53f32dc13c8948909d9e2e154ede06e91b439e125efe2b039,55825d0b980eeced0ce026940de2db7e4650c99ddd037377bb9bc9499cabea52,순환소수를 포함한 부등식의 계산,18,integer,M2_NE_PT053,,M2_NE_C015|M2_NE_C017,M2_NE_C012|M2_NE_C016,,advanced,64,high_observed_challenge,M2_NE_PT053__M2NE150S06_Q042,M2_NE_PT053::M2_NE_150_SET06,existing_canonical_type_matched,0.98,verified_against_problem_answer_and_solution
M2_NE_150_S06_Q043,SRC_M2_NE_150_WORKSHEET_SET06_20260710,043,6,28,86d8af9f8c1635dea0937bb25bc3a339be4a39e9f1e9c4b98e25b71489d60576,55825d0b980eeced0ce026940de2db7e4650c99ddd037377bb9bc9499cabea52,순환소수를 포함한 부등식의 계산,12,integer,M2_NE_PT053,,M2_NE_C015|M2_NE_C017,M2_NE_C012|M2_NE_C016,,advanced,74,medium_observed_challenge,M2_NE_PT053__M2NE150S06_Q043,M2_NE_PT053::M2_NE_150_SET06,existing_canonical_type_matched,0.98,verified_against_problem_answer_and_solution
M2_NE_150_S06_Q044,SRC_M2_NE_150_WORKSHEET_SET06_20260710,044,6,29,b6f445d371d29597e075ef33d82597ca9667240977a827c94cea16992cc2a6be,55825d0b980eeced0ce026940de2db7e4650c99ddd037377bb9bc9499cabea52,순환소수를 포함한 부등식의 계산,26,integer,M2_NE_PT053,,M2_NE_C015|M2_NE_C017,M2_NE_C012|M2_NE_C016,,advanced,52,high_observed_challenge,M2_NE_PT053__M2NE150S06_Q044,M2_NE_PT053::M2_NE_150_SET06,existing_canonical_type_matched,0.98,verified_against_problem_answer_and_solution
M2_NE_150_S06_Q045,SRC_M2_NE_150_WORKSHEET_SET06_20260710,045,6,29,24af2aa539e9ecf76bebb131cdc9e7ead5d54918cb6c2921465b7ba31589985b,efb11a7de86c7cb11016dc65fb8d398177323c3c7ce52627fb6a0984c824331f,순환소수를 포함한 부등식의 계산,choice:2,single_choice,M2_NE_PT053,,M2_NE_C015|M2_NE_C017,M2_NE_C012|M2_NE_C016,,advanced,80,low_observed_challenge,M2_NE_PT053__M2NE150S06_Q045,M2_NE_PT053::M2_NE_150_SET06,existing_canonical_type_matched,0.98,verified_against_problem_answer_and_solution
M2_NE_150_S06_Q046,SRC_M2_NE_150_WORKSHEET_SET06_20260710,046,6,29,6276530ef62cb40f13a03d4239c5e0d695264ae117939969fa3461a0ab59d5e1,e10079c45bd19f8b82210803fb17654b58f469c31bb7fbaef29ddf9c1b4ce517,순환소수를 포함한 등식에서 미지수의 값 구하기,71,integer,M2_NE_PT057,M2_NE_PT055,M2_NE_C012|M2_NE_C013|M2_NE_C017,M2_NE_C009|M2_NE_C012|M2_NE_C016,,advanced,67,medium_observed_challenge,M2_NE_PT057__M2NE150S06_Q046,M2_NE_PT057::M2_NE_150_SET06,existing_canonical_type_matched,0.98,verified_against_problem_answer_and_solution
M2_NE_150_S06_Q047,SRC_M2_NE_150_WORKSHEET_SET06_20260710,047,7,29,91587ed0a399dbe37ff74634dc24971841d1f1c74ce0573fa5fbd85a42d2435d,e10079c45bd19f8b82210803fb17654b58f469c31bb7fbaef29ddf9c1b4ce517,순환소수를 포함한 등식에서 미지수의 값 구하기,62,integer,M2_NE_PT057,M2_NE_PT055,M2_NE_C012|M2_NE_C013|M2_NE_C017,M2_NE_C009|M2_NE_C012|M2_NE_C016,,advanced,64,high_observed_challenge,M2_NE_PT057__M2NE150S06_Q047,M2_NE_PT057::M2_NE_150_SET06,existing_canonical_type_matched,0.98,verified_against_problem_answer_and_solution
M2_NE_150_S06_Q048,SRC_M2_NE_150_WORKSHEET_SET06_20260710,048,7,29,78957867ba13fe2f23f3854ce28ea4712b0f83f3c4f5e646a8ea46e1a21bca01,6fc6a362d6261ae439396a8e3eb1529a7474a174f3104bf6d2efd49d0eab9ee7,순환소수를 포함한 등식에서 미지수의 값 구하기,6,integer,M2_NE_PT055,M2_NE_PT050,M2_NE_C012|M2_NE_C013|M2_NE_C017,M2_NE_C009|M2_NE_C012|M2_NE_C016,,advanced,67,medium_observed_challenge,M2_NE_PT055__M2NE150S06_Q048,M2_NE_PT055::M2_NE_150_SET06,existing_canonical_type_matched,0.98,verified_against_problem_answer_and_solution
M2_NE_150_S06_Q049,SRC_M2_NE_150_WORKSHEET_SET06_20260710,049,7,29,5c900fa970bab08d17fd07d91117eab99069f6f3c304f94484b1f3f36166cd7f,6fc6a362d6261ae439396a8e3eb1529a7474a174f3104bf6d2efd49d0eab9ee7,순환소수를 포함한 등식에서 미지수의 값 구하기,1,integer,M2_NE_PT055,M2_NE_PT050,M2_NE_C012|M2_NE_C013|M2_NE_C017,M2_NE_C009|M2_NE_C012|M2_NE_C016,,advanced,53,high_observed_challenge,M2_NE_PT055__M2NE150S06_Q049,M2_NE_PT055::M2_NE_150_SET06,existing_canonical_type_matched,0.98,verified_against_problem_answer_and_solution
M2_NE_150_S06_Q050,SRC_M2_NE_150_WORKSHEET_SET06_20260710,050,7,29,107fdbdfd01d8feec3f44e617f3fe48768451609bd1e7c0c4a8b943b019205d3,3f5b4dcb59df1904cbfa1061749bc5475adb1703a25960389b68be1dd90f44f3,잘못 계산한 경우 어떤 수/바르게 계산한 값 구하기,2700,integer,M2_NE_PT062,M2_NE_PT061,M2_NE_C018|M2_NE_C016,M2_NE_C012|M2_NE_C017,,advanced,56,high_observed_challenge,M2_NE_PT062__M2NE150S06_Q050,M2_NE_PT062::M2_NE_150_SET06,existing_canonical_type_matched,0.98,verified_against_problem_answer_and_solution
M2_NE_150_S06_Q051,SRC_M2_NE_150_WORKSHEET_SET06_20260710,051,7,30,c24cd3f39ca1df5ce6c619fa27a269c3e2a31fdfd57713f782c2113cd2df65a5,5765388bbf764bc896a6714c73f2acb68cae10cbbe31843ac7db9086de41506e,잘못 계산한 경우 어떤 수/바르게 계산한 값 구하기,choice:3,single_choice,M2_NE_PT062,M2_NE_PT061,M2_NE_C018|M2_NE_C016,M2_NE_C012|M2_NE_C017,,advanced,73,medium_observed_challenge,M2_NE_PT062__M2NE150S06_Q051,M2_NE_PT062::M2_NE_150_SET06,existing_canonical_type_matched,0.98,verified_against_problem_answer_and_solution
M2_NE_150_S06_Q052,SRC_M2_NE_150_WORKSHEET_SET06_20260710,052,7,30,3784420b90223d9bb5b53c161754d87d75fbc6b0fbf779f94ed4c71b47165aef,3f5b4dcb59df1904cbfa1061749bc5475adb1703a25960389b68be1dd90f44f3,잘못 계산한 경우 어떤 수/바르게 계산한 값 구하기,100,integer,M2_NE_PT062,M2_NE_PT061,M2_NE_C018|M2_NE_C016,M2_NE_C012|M2_NE_C017,,advanced,61,high_observed_challenge,M2_NE_PT062__M2NE150S06_Q052,M2_NE_PT062::M2_NE_150_SET06,existing_canonical_type_matched,0.98,verified_against_problem_answer_and_solution
M2_NE_150_S06_Q053,SRC_M2_NE_150_WORKSHEET_SET06_20260710,053,7,30,8a8e4bf97a2a2dd83020ac91cdd12efeab66fc36b03c75f8f3e25c29e3ffedc0,e3b2d3ec2491dbf44e186313721f1f2a846a120830e28e873258ee9dd2727ae0,잘못 계산한 경우 어떤 수/바르게 계산한 값 구하기,0.375,expression,M2_NE_PT062,M2_NE_PT061,M2_NE_C018|M2_NE_C016,M2_NE_C012|M2_NE_C017,,advanced,69,medium_observed_challenge,M2_NE_PT062__M2NE150S06_Q053,M2_NE_PT062::M2_NE_150_SET06,existing_canonical_type_matched,0.98,verified_against_problem_answer_and_solution
M2_NE_150_S06_Q054,SRC_M2_NE_150_WORKSHEET_SET06_20260710,054,7,30,9585165ed8a3dba7e45b2064b30e58e5c25672d755a002d85c0f4fe0ed6362a4,84be0bfd6e34ff09c231b981f15da774752e498dae7558709fa8a7f07770f225,(순환소수)X x가 유한소수 또는 자연수가 되도록 하는 x의 값 구하기,"choices:3,5",multiple_choice,M2_NE_PT063,,M2_NE_C012|M2_NE_C013|M2_NE_C019,M2_NE_C009|M2_NE_C012,,advanced,84,low_observed_challenge,M2_NE_PT063__M2NE150S06_Q054,M2_NE_PT063::M2_NE_150_SET06,existing_canonical_type_matched,0.98,verified_against_problem_answer_and_solution
M2_NE_150_S06_Q055,SRC_M2_NE_150_WORKSHEET_SET06_20260710,055,7,30,387a98e94c09748839d838dff793c58576126dd81bb2ed1b247b09e9f56bbfa9,af1721be94958d859b60f2ffac0baecc718b5f2c69acb1c1d40c8058096d8659,(순환소수)X x가 유한소수 또는 자연수가 되도록 하는 x의 값 구하기,3,integer,M2_NE_PT063,M2_NE_PT064,M2_NE_C012|M2_NE_C013|M2_NE_C019,M2_NE_C009|M2_NE_C012,,advanced,63,high_observed_challenge,M2_NE_PT063__M2NE150S06_Q055,M2_NE_PT063::M2_NE_150_SET06,existing_canonical_type_matched,0.98,verified_against_problem_answer_and_solution
M2_NE_150_S06_Q056,SRC_M2_NE_150_WORKSHEET_SET06_20260710,056,7,30,2c4d1945dd6a64b7566b46aad58d973975dfa6cbf6337a369f4e4820ead10964,d67fb6dc8493d63e3c0def60627e4b97c17df683dc89afb694a9456c6118ae0a,(순환소수)X x가 유한소수 또는 자연수가 되도록 하는 x의 값 구하기,18,integer,M2_NE_PT064,,M2_NE_C012|M2_NE_C013|M2_NE_C019,M2_NE_C009|M2_NE_C012,,advanced,79,medium_observed_challenge,M2_NE_PT064__M2NE150S06_Q056,M2_NE_PT064::M2_NE_150_SET06,existing_canonical_type_matched,0.98,verified_against_problem_answer_and_solution
M2_NE_150_S06_Q057,SRC_M2_NE_150_WORKSHEET_SET06_20260710,057,8,30,88085a2ced07c5472a1e83d71ff59bfdda9515600a3415dd72b5bd7132874e9a,0606b8f2e18b20217e3547e53b974e9afe66e24053e1cf00a1e8951b9ced8c5e,유리수와 순환소수의 관계-소수의 이해,"choices:2,3",multiple_choice,M2_NE_PT068,,M2_NE_C001|M2_NE_C014|M2_NE_C020,M1_IR_C005|M2_NE_C013|M2_NE_C014,,core,72,medium_observed_challenge,M2_NE_PT068__M2NE150S06_Q057,M2_NE_PT068::M2_NE_150_SET06,existing_canonical_type_matched,0.98,verified_against_problem_answer_and_solution
M2_NE_150_S06_Q058,SRC_M2_NE_150_WORKSHEET_SET06_20260710,058,8,30,7a12a5691c2ad4f9e85f7a782714c390ef93f33e5c7a73a37f6ba9656bbf4e4b,0606b8f2e18b20217e3547e53b974e9afe66e24053e1cf00a1e8951b9ced8c5e,유리수와 순환소수의 관계-소수의 이해,"choices:3,4",multiple_choice,M2_NE_PT068,,M2_NE_C001|M2_NE_C014|M2_NE_C020,M1_IR_C005|M2_NE_C013|M2_NE_C014,,core,63,high_observed_challenge,M2_NE_PT068__M2NE150S06_Q058,M2_NE_PT068::M2_NE_150_SET06,existing_canonical_type_matched,0.98,verified_against_problem_answer_and_solution
M2_NE_150_S06_Q059,SRC_M2_NE_150_WORKSHEET_SET06_20260710,059,8,30,2dbc126ec0ff8de81c8251f8be2ef7204be06c26b90efaf7583542dc876a71d2,078dd10c2020b2a1c511186b0ce08fdaa89aa73918e3fb8bd4213c596f0370b6,유리수와 순환소수의 관계-소수의 이해,choice:2,single_choice,M2_NE_PT068,M2_NE_PT067,M2_NE_C001|M2_NE_C014|M2_NE_C020,M1_IR_C005|M2_NE_C013|M2_NE_C014,,core,75,medium_observed_challenge,M2_NE_PT068__M2NE150S06_Q059,M2_NE_PT068::M2_NE_150_SET06,existing_canonical_type_matched,0.98,verified_against_problem_answer_and_solution
M2_NE_150_S06_Q060,SRC_M2_NE_150_WORKSHEET_SET06_20260710,060,8,30,e260850b047f8b8b904d34b7d3caf20cb4c36dbe2b8242633ca75a17d60fc605,82a0fbd4293dd62f283298a715b998d140748015af2e1ced5e909bc860fa45cd,지수법칙(1) - 거듭제곱의 곱셈,choice:4,single_choice,M2_NE_PT073,M2_NE_PT069,M2_NE_C021|M2_NE_C022|M2_NE_C028|M2_NE_C029|M2_NE_C036,M2_NE_C021|M1_IR_C022,M3_POLY_C001,core,81,low_observed_challenge,M2_NE_PT073__M2NE150S06_Q060,M2_NE_PT073::M2_NE_150_SET06,existing_canonical_type_matched,0.98,verified_against_problem_answer_and_solution
M2_NE_150_S06_Q061,SRC_M2_NE_150_WORKSHEET_SET06_20260710,061,8,30,8c1c7113b1e9f460546da392f0f8e3970432707e8b76e0268d47d03db88a43c5,82a0fbd4293dd62f283298a715b998d140748015af2e1ced5e909bc860fa45cd,지수법칙(1) - 거듭제곱의 곱셈,choice:3,single_choice,M2_NE_PT073,M2_NE_PT069,M2_NE_C021|M2_NE_C022|M2_NE_C028|M2_NE_C029|M2_NE_C036,M2_NE_C021|M1_IR_C022,M3_POLY_C001,core,83,low_observed_challenge,M2_NE_PT073__M2NE150S06_Q061,M2_NE_PT073::M2_NE_150_SET06,existing_canonical_type_matched,0.98,verified_against_problem_answer_and_solution
M2_NE_150_S06_Q062,SRC_M2_NE_150_WORKSHEET_SET06_20260710,062,8,30,061c078206e9c2c62a89e0e80abb834450e5a0d25428210ea753e202cb97243b,d3bd8fa73c155fbab1bf4e61a6a46866e9f78bab26ec818c13613bec9bf062dc,지수법칙(1) - 거듭제곱의 곱셈,choice:1,single_choice,M2_NE_PT072,,M2_NE_C021|M2_NE_C022|M2_NE_C028|M2_NE_C029|M2_NE_C036,M2_NE_C021|M1_IR_C022,M3_POLY_C001,core,77,medium_observed_challenge,M2_NE_PT072__M2NE150S06_Q062,M2_NE_PT072::M2_NE_150_SET06,existing_canonical_type_matched,0.98,verified_against_problem_answer_and_solution
M2_NE_150_S06_Q063,SRC_M2_NE_150_WORKSHEET_SET06_20260710,063,8,31,bdef643ef9e049338c7f5b5ffd104ea00efbcbf7e5e17f759bcff4f3bbd7ad7c,9f45d611081f6cd000129f8725f474f59b27f8f2b03aaa3828939eba236f9fc9,지수법칙(3) - 거듭제곱의 나눗셈,9,integer,M2_NE_PT080,,M2_NE_C021|M2_NE_C024|M2_NE_C029,M2_NE_C021|M1_IR_C022,,core,78,medium_observed_challenge,M2_NE_PT080__M2NE150S06_Q063,M2_NE_PT080::M2_NE_150_SET06,existing_canonical_type_matched,0.98,verified_against_problem_answer_and_solution
M2_NE_150_S06_Q064,SRC_M2_NE_150_WORKSHEET_SET06_20260710,064,8,31,5692e89c0b7af29f2976ca532588dd95cb8ba9bffe69ae7e54bf4b8a648bcff9,af9ec3be98361905d657dbd5455deba6f0c8595441ca62ca415a43f14d5f775d,지수법칙(3) - 거듭제곱의 나눗셈,choice:3,single_choice,M2_NE_PT080,,M2_NE_C021|M2_NE_C024|M2_NE_C029,M2_NE_C021|M1_IR_C022,,core,70,medium_observed_challenge,M2_NE_PT080__M2NE150S06_Q064,M2_NE_PT080::M2_NE_150_SET06,existing_canonical_type_matched,0.98,verified_against_problem_answer_and_solution
M2_NE_150_S06_Q065,SRC_M2_NE_150_WORKSHEET_SET06_20260710,065,9,31,2afd27c3a5fb3102ce182266c95a9dbef84ba6c5a1b4e10fcc7757692fc111cf,9f45d611081f6cd000129f8725f474f59b27f8f2b03aaa3828939eba236f9fc9,지수법칙(3) - 거듭제곱의 나눗셈,5,integer,M2_NE_PT080,,M2_NE_C021|M2_NE_C024|M2_NE_C029,M2_NE_C021|M1_IR_C022,,core,66,medium_observed_challenge,M2_NE_PT080__M2NE150S06_Q065,M2_NE_PT080::M2_NE_150_SET06,existing_canonical_type_matched,0.98,verified_against_problem_answer_and_solution
M2_NE_150_S06_Q066,SRC_M2_NE_150_WORKSHEET_SET06_20260710,066,9,31,f0fd945f19a1ef1d93abd13d956427688d4f8455e39021e6e5a867c9dd7c43dd,af9ec3be98361905d657dbd5455deba6f0c8595441ca62ca415a43f14d5f775d,지수법칙(3) - 거듭제곱의 나눗셈,choice:4,single_choice,M2_NE_PT080,,M2_NE_C021|M2_NE_C024|M2_NE_C029,M2_NE_C021|M1_IR_C022,,core,67,medium_observed_challenge,M2_NE_PT080__M2NE150S06_Q066,M2_NE_PT080::M2_NE_150_SET06,existing_canonical_type_matched,0.98,verified_against_problem_answer_and_solution
M2_NE_150_S06_Q067,SRC_M2_NE_150_WORKSHEET_SET06_20260710,067,9,31,d715b1e82080d28b0f539d1260dabc4e708756a245b38c2e01c04814d98fce47,86415b5c48c2ff8b3847e0df1ce90824134b51e1bedb4af70d25f190cf5e4278,지수법칙(4) - 곱의 거듭제곱,choice:4,single_choice,M2_NE_PT085,,M2_NE_C021|M2_NE_C025|M2_NE_C036,M2_NE_C021|M1_IR_C022,,core,87,low_observed_challenge,M2_NE_PT085__M2NE150S06_Q067,M2_NE_PT085::M2_NE_150_SET06,existing_canonical_type_matched,0.98,verified_against_problem_answer_and_solution
M2_NE_150_S06_Q068,SRC_M2_NE_150_WORKSHEET_SET06_20260710,068,9,31,f0e35443e2d323a254f454c957cd25915e0cf15b948ecc239d4b229419be4cc3,abe43fea4c070d3791cd08d944621526792699c61d77c4a338772060bc228c56,지수법칙(4) - 곱의 거듭제곱,48,integer,M2_NE_PT085,,M2_NE_C021|M2_NE_C025|M2_NE_C036,M2_NE_C021|M1_IR_C022,,core,78,medium_observed_challenge,M2_NE_PT085__M2NE150S06_Q068,M2_NE_PT085::M2_NE_150_SET06,existing_canonical_type_matched,0.98,verified_against_problem_answer_and_solution
M2_NE_150_S06_Q069,SRC_M2_NE_150_WORKSHEET_SET06_20260710,069,9,31,f5506f02049beaf598189bb3ae11e27651e3eb7e68eaf3023fd01f6e6bf4a7eb,166d1f03915a1a103b3049e467b2506056ad6a8a621823d109cd4d77049f6382,지수법칙(4) - 곱의 거듭제곱,3,integer,M2_NE_PT084,,M2_NE_C021|M2_NE_C025|M2_NE_C036,M2_NE_C021|M1_IR_C022,,core,75,medium_observed_challenge,M2_NE_PT084__M2NE150S06_Q069,M2_NE_PT084::M2_NE_150_SET06,existing_canonical_type_matched,0.98,verified_against_problem_answer_and_solution
M2_NE_150_S06_Q070,SRC_M2_NE_150_WORKSHEET_SET06_20260710,070,9,31,1b25686fb8651d2c8f3b49d966268b601bb804a5eef1127f32710f84feb106d8,6cb34d321258892861ceb0a59beda1ef00b90a1eaaca85accdcf54a0abf0380f,지수법칙(6) - 종합,choice:4,single_choice,M2_NE_PT090,M2_NE_PT089,M2_NE_C022|M2_NE_C023|M2_NE_C024|M2_NE_C025|M2_NE_C026|M2_NE_C027,M2_NE_C021|M2_NE_C022|M2_NE_C023|M2_NE_C024|M2_NE_C025|M2_NE_C026|M2_NE_C036|M1_IR_C027,M3_POLY_C001,advanced,91,low_observed_challenge,M2_NE_PT090__M2NE150S06_Q070,M2_NE_PT090::M2_NE_150_SET06,existing_canonical_type_matched,0.98,verified_against_problem_answer_and_solution
M2_NE_150_S06_Q071,SRC_M2_NE_150_WORKSHEET_SET06_20260710,071,9,31,0c35aa63d69efea9264431df3a46ffe3fe5bca28a10f523ec26004b06eed8b67,3d538f185059632e72cfcbe82896e9982224199c6f7d2023df41128c24fde229,지수법칙(6) - 종합,choice:3,single_choice,M2_NE_PT091,M2_NE_PT089,M2_NE_C022|M2_NE_C023|M2_NE_C024|M2_NE_C025|M2_NE_C026|M2_NE_C027,M2_NE_C021|M2_NE_C022|M2_NE_C023|M2_NE_C024|M2_NE_C025|M2_NE_C026|M2_NE_C036|M1_IR_C027,M3_POLY_C001,advanced,69,medium_observed_challenge,M2_NE_PT091__M2NE150S06_Q071,M2_NE_PT091::M2_NE_150_SET06,existing_canonical_type_matched,0.98,verified_against_problem_answer_and_solution
M2_NE_150_S06_Q072,SRC_M2_NE_150_WORKSHEET_SET06_20260710,072,9,31,4e39902d9daca98526f4d4e4d893e6b15f109c83cd3ba8615047e9bc48715d73,b9321fe4dfc5f341011dd7df1f5a0f8b68d09a267b0647ab163ac39b579909ad,지수법칙(6) - 종합,choice:5,single_choice,M2_NE_PT090,M2_NE_PT089,M2_NE_C022|M2_NE_C023|M2_NE_C024|M2_NE_C025|M2_NE_C026|M2_NE_C027,M2_NE_C021|M2_NE_C022|M2_NE_C023|M2_NE_C024|M2_NE_C025|M2_NE_C026|M2_NE_C036|M1_IR_C027,M3_POLY_C001,advanced,67,medium_observed_challenge,M2_NE_PT090__M2NE150S06_Q072,M2_NE_PT090::M2_NE_150_SET06,existing_canonical_type_matched,0.98,verified_against_problem_answer_and_solution
M2_NE_150_S06_Q073,SRC_M2_NE_150_WORKSHEET_SET06_20260710,073,10,32,692489362186a2eea230a5ac173b2d3143da44401e38656ade43ccca03e7e81b,3d538f185059632e72cfcbe82896e9982224199c6f7d2023df41128c24fde229,지수법칙(6) - 종합,choice:5,single_choice,M2_NE_PT091,M2_NE_PT089,M2_NE_C022|M2_NE_C023|M2_NE_C024|M2_NE_C025|M2_NE_C026|M2_NE_C027,M2_NE_C021|M2_NE_C022|M2_NE_C023|M2_NE_C024|M2_NE_C025|M2_NE_C026|M2_NE_C036|M1_IR_C027,M3_POLY_C001,advanced,55,high_observed_challenge,M2_NE_PT091__M2NE150S06_Q073,M2_NE_PT091::M2_NE_150_SET06,existing_canonical_type_matched,0.98,verified_against_problem_answer_and_solution
M2_NE_150_S06_Q074,SRC_M2_NE_150_WORKSHEET_SET06_20260710,074,10,32,c5635cd09ebb322eb12220e28bd8c02240829300e153833254778919d09763bf,20be38e06af33aeea52c1c9c697e0e947448f02828a70c4f1c902a9de3ba456c,지수법칙을 이용한 실생활 문제,500초,expression,M2_NE_PT096,,M2_NE_C027|M2_NE_C030,M2_NE_C022|M2_NE_C023|M2_NE_C024|M2_NE_C025|M2_NE_C026|M2_NE_C027|M2_NE_C036|M1_IR_C027,M3_POLY_C001,advanced,54,high_observed_challenge,M2_NE_PT096__M2NE150S06_Q074,M2_NE_PT096::M2_NE_150_SET06,existing_canonical_type_matched,0.98,verified_against_problem_answer_and_solution
M2_NE_150_S06_Q075,SRC_M2_NE_150_WORKSHEET_SET06_20260710,075,10,32,1aa175abe29e0aff67403b6be359df604dec02b67d6fef933aae27f6ca33d717,369db25ef47c50fecdaede5ff98d3b686f494d7267b19e435b5a51e6224e023b,지수법칙을 이용한 실생활 문제,7,integer,M2_NE_PT096,,M2_NE_C027|M2_NE_C030,M2_NE_C022|M2_NE_C023|M2_NE_C024|M2_NE_C025|M2_NE_C026|M2_NE_C027|M2_NE_C036|M1_IR_C027,M3_POLY_C001,advanced,80,low_observed_challenge,M2_NE_PT096__M2NE150S06_Q075,M2_NE_PT096::M2_NE_150_SET06,existing_canonical_type_matched,0.98,verified_against_problem_answer_and_solution
M2_NE_150_S06_Q076,SRC_M2_NE_150_WORKSHEET_SET06_20260710,076,10,32,eeae05fa0bc7cec8749119fc85206a05d1b15ac3483530c1cabc2c29b4ac387e,090654979daee1cbe97b44c36267800d11cda96f34d2034ef8c746b915fc20fc,지수법칙을 이용한 실생활 문제,32/243배,expression,M2_NE_PT097,,M2_NE_C027|M2_NE_C030,M2_NE_C022|M2_NE_C023|M2_NE_C024|M2_NE_C025|M2_NE_C026|M2_NE_C027|M2_NE_C036|M1_IR_C027,M3_POLY_C001,advanced,45,high_observed_challenge,M2_NE_PT097__M2NE150S06_Q076,M2_NE_PT097::M2_NE_150_SET06,existing_canonical_type_matched,0.98,verified_against_problem_answer_and_solution
M2_NE_150_S06_Q077,SRC_M2_NE_150_WORKSHEET_SET06_20260710,077,10,32,c11fd23e7e95798a05a407efd4d2c5c892f4868dc5b6e7f39e40d63a82d8bf8c,20be38e06af33aeea52c1c9c697e0e947448f02828a70c4f1c902a9de3ba456c,지수법칙을 이용한 실생활 문제,32배,expression,M2_NE_PT096,,M2_NE_C027|M2_NE_C030,M2_NE_C022|M2_NE_C023|M2_NE_C024|M2_NE_C025|M2_NE_C026|M2_NE_C027|M2_NE_C036|M1_IR_C027,M3_POLY_C001,advanced,66,medium_observed_challenge,M2_NE_PT096__M2NE150S06_Q077,M2_NE_PT096::M2_NE_150_SET06,existing_canonical_type_matched,0.98,verified_against_problem_answer_and_solution
M2_NE_150_S06_Q078,SRC_M2_NE_150_WORKSHEET_SET06_20260710,078,10,32,dff74aaed50777e42573624056a57ae2a94c436daa3d85643d8328e8d19b35b0,9bc95e110751aec74517b0ba74da45b9ad6607c040d7573454ea2f41d07f2edc,지수법칙의 응용(1) - 같은 수의 덧셈식,71,integer,M2_NE_PT103,M2_NE_PT102,M2_NE_C021|M2_NE_C031|M2_NE_C027,M1_IR_C022|M2_NE_C022|M2_NE_C023|M2_NE_C024|M2_NE_C025|M2_NE_C026|M2_NE_C027|M2_NE_C036,M3_POLY_C001,advanced,77,medium_observed_challenge,M2_NE_PT103__M2NE150S06_Q078,M2_NE_PT103::M2_NE_150_SET06,existing_canonical_type_matched,0.98,verified_against_problem_answer_and_solution
M2_NE_150_S06_Q079,SRC_M2_NE_150_WORKSHEET_SET06_20260710,079,11,33,ce6617e9d586c101174265ba6128b1126ae8d49209d8a54a8c145dff681b3bdf,e6f245efd7e070d773df9bee953a26000e450b27c53377900547ea1bb5b69591,지수법칙의 응용(1) - 같은 수의 덧셈식,choice:5,single_choice,M2_NE_PT103,M2_NE_PT100,M2_NE_C021|M2_NE_C031|M2_NE_C027,M1_IR_C022|M2_NE_C022|M2_NE_C023|M2_NE_C024|M2_NE_C025|M2_NE_C026|M2_NE_C027|M2_NE_C036,M3_POLY_C001,advanced,75,medium_observed_challenge,M2_NE_PT103__M2NE150S06_Q079,M2_NE_PT103::M2_NE_150_SET06,existing_canonical_type_matched,0.98,verified_against_problem_answer_and_solution
M2_NE_150_S06_Q080,SRC_M2_NE_150_WORKSHEET_SET06_20260710,080,11,33,6db0b589bb7427e78047500e3697933e7f3fb6cd8e497a2ed1d500e9454afe3f,98b3fa1dedf224e1c325f5e8646d6c4c913ab4ac85aaaf2a8191ed7cc148a0de,지수법칙의 응용(1) - 같은 수의 덧셈식,choice:1,single_choice,M2_NE_PT101,M2_NE_PT100,M2_NE_C021|M2_NE_C031|M2_NE_C027,M1_IR_C022|M2_NE_C022|M2_NE_C023|M2_NE_C024|M2_NE_C025|M2_NE_C026|M2_NE_C027|M2_NE_C036,M3_POLY_C001,advanced,82,low_observed_challenge,M2_NE_PT101__M2NE150S06_Q080,M2_NE_PT101::M2_NE_150_SET06,existing_canonical_type_matched,0.98,verified_against_problem_answer_and_solution
M2_NE_150_S06_Q081,SRC_M2_NE_150_WORKSHEET_SET06_20260710,081,11,33,24a6e1104b1429191e7b4338e93ea6de7dc2da92cc16da853afd63f04b7667a2,9bc95e110751aec74517b0ba74da45b9ad6607c040d7573454ea2f41d07f2edc,지수법칙의 응용(1) - 같은 수의 덧셈식,18,integer,M2_NE_PT103,M2_NE_PT102,M2_NE_C021|M2_NE_C031|M2_NE_C027,M1_IR_C022|M2_NE_C022|M2_NE_C023|M2_NE_C024|M2_NE_C025|M2_NE_C026|M2_NE_C027|M2_NE_C036,M3_POLY_C001,advanced,50,high_observed_challenge,M2_NE_PT103__M2NE150S06_Q081,M2_NE_PT103::M2_NE_150_SET06,existing_canonical_type_matched,0.98,verified_against_problem_answer_and_solution
M2_NE_150_S06_Q082,SRC_M2_NE_150_WORKSHEET_SET06_20260710,082,11,33,2e32f0ac0b4ea9ea2740c27644f0af55c4bcef52c336f99d68cc9f57fd47b54d,4b7b6523049c2ee01d7fb740601dcf1490bd38fdb11dd728e2166043c4b9b4ab,지수법칙의 응용(2) - 다른 문자를 이용하여 나타내기(1),choice:3,single_choice,M2_NE_PT105,,M2_NE_C032|M2_NE_C027,M2_NE_C022|M2_NE_C023|M2_NE_C024|M2_NE_C025|M2_NE_C026|M2_NE_C027|M2_NE_C036|M1_IR_C027,M3_POLY_C001,advanced,82,low_observed_challenge,M2_NE_PT105__M2NE150S06_Q082,M2_NE_PT105::M2_NE_150_SET06,existing_canonical_type_matched,0.98,verified_against_problem_answer_and_solution
M2_NE_150_S06_Q083,SRC_M2_NE_150_WORKSHEET_SET06_20260710,083,11,33,b2b335b1f0599234079a3877c7636966628656a0f457954b24160d647328242c,67bcbd811d722632e9c16fa5c43a15107bacbb2f80d46d9f2848a1f5e67088ac,지수법칙의 응용(2) - 다른 문자를 이용하여 나타내기(1),choice:5,single_choice,M2_NE_PT106,,M2_NE_C032|M2_NE_C027,M2_NE_C022|M2_NE_C023|M2_NE_C024|M2_NE_C025|M2_NE_C026|M2_NE_C027|M2_NE_C036|M1_IR_C027,M3_POLY_C001,advanced,77,medium_observed_challenge,M2_NE_PT106__M2NE150S06_Q083,M2_NE_PT106::M2_NE_150_SET06,existing_canonical_type_matched,0.98,verified_against_problem_answer_and_solution
M2_NE_150_S06_Q084,SRC_M2_NE_150_WORKSHEET_SET06_20260710,084,11,33,6b3a201631d88619f0451a8fdffc4fe9fbc1781bb3232253dd8d6ca6aba0477d,67bcbd811d722632e9c16fa5c43a15107bacbb2f80d46d9f2848a1f5e67088ac,지수법칙의 응용(2) - 다른 문자를 이용하여 나타내기(1),choice:3,single_choice,M2_NE_PT106,,M2_NE_C032|M2_NE_C027,M2_NE_C022|M2_NE_C023|M2_NE_C024|M2_NE_C025|M2_NE_C026|M2_NE_C027|M2_NE_C036|M1_IR_C027,M3_POLY_C001,advanced,79,medium_observed_challenge,M2_NE_PT106__M2NE150S06_Q084,M2_NE_PT106::M2_NE_150_SET06,existing_canonical_type_matched,0.98,verified_against_problem_answer_and_solution
M2_NE_150_S06_Q085,SRC_M2_NE_150_WORKSHEET_SET06_20260710,085,11,33,45c44f07ddeb7293ed5bb323a26336e6da5ae9626edd68f6f83e204cd470e22b,4b7b6523049c2ee01d7fb740601dcf1490bd38fdb11dd728e2166043c4b9b4ab,지수법칙의 응용(2) - 다른 문자를 이용하여 나타내기(1),choice:5,single_choice,M2_NE_PT105,,M2_NE_C032|M2_NE_C027,M2_NE_C022|M2_NE_C023|M2_NE_C024|M2_NE_C025|M2_NE_C026|M2_NE_C027|M2_NE_C036|M1_IR_C027,M3_POLY_C001,advanced,83,low_observed_challenge,M2_NE_PT105__M2NE150S06_Q085,M2_NE_PT105::M2_NE_150_SET06,existing_canonical_type_matched,0.98,verified_against_problem_answer_and_solution
M2_NE_150_S06_Q086,SRC_M2_NE_150_WORKSHEET_SET06_20260710,086,11,33,39ab2b53c9eb246a41a1fc77f7ca42145d2ae93ac6595126997f4996c1c7d23a,4e3570a3e104488769878ec9c108b92fb2606b6e0fa19fa3e5f958d67472007b,지수법칙의 응용(3) - 다른 문자를 이용하여 나타내기(2),choice:3,single_choice,M2_NE_PT108,M2_NE_PT107,M2_NE_C032|M2_NE_C027,M2_NE_C022|M2_NE_C023|M2_NE_C024|M2_NE_C025|M2_NE_C026|M2_NE_C027|M2_NE_C036|M1_IR_C027,M3_POLY_C001,advanced,69,medium_observed_challenge,M2_NE_PT108__M2NE150S06_Q086,M2_NE_PT108::M2_NE_150_SET06,existing_canonical_type_matched,0.98,verified_against_problem_answer_and_solution
M2_NE_150_S06_Q087,SRC_M2_NE_150_WORKSHEET_SET06_20260710,087,12,33,357ffb3e433f1e16f816c3003ce4987db89117ba856ef85ce86bf92e21ac330e,eba390340458c5937539ddee23ea0a9fbf61476ed1ac30eda99765d956588680,지수법칙의 응용(3) - 다른 문자를 이용하여 나타내기(2),choice:4,single_choice,M2_NE_PT107,M2_NE_PT105,M2_NE_C032|M2_NE_C027,M2_NE_C022|M2_NE_C023|M2_NE_C024|M2_NE_C025|M2_NE_C026|M2_NE_C027|M2_NE_C036|M1_IR_C027,M3_POLY_C001,advanced,58,high_observed_challenge,M2_NE_PT107__M2NE150S06_Q087,M2_NE_PT107::M2_NE_150_SET06,existing_canonical_type_matched,0.98,verified_against_problem_answer_and_solution
M2_NE_150_S06_Q088,SRC_M2_NE_150_WORKSHEET_SET06_20260710,088,12,33,5ba9a415e217134d8fe3bcf6ddc72598992fe4d3f547d442ad0eb116f507a03a,eba390340458c5937539ddee23ea0a9fbf61476ed1ac30eda99765d956588680,지수법칙의 응용(3) - 다른 문자를 이용하여 나타내기(2),choice:5,single_choice,M2_NE_PT107,M2_NE_PT105,M2_NE_C032|M2_NE_C027,M2_NE_C022|M2_NE_C023|M2_NE_C024|M2_NE_C025|M2_NE_C026|M2_NE_C027|M2_NE_C036|M1_IR_C027,M3_POLY_C001,advanced,54,high_observed_challenge,M2_NE_PT107__M2NE150S06_Q088,M2_NE_PT107::M2_NE_150_SET06,existing_canonical_type_matched,0.98,verified_against_problem_answer_and_solution
M2_NE_150_S06_Q089,SRC_M2_NE_150_WORKSHEET_SET06_20260710,089,12,34,8507bd36fb2d396f3b99fa592f79bfaf0771f29c78b1225ba65add6811fe2675,eba390340458c5937539ddee23ea0a9fbf61476ed1ac30eda99765d956588680,지수법칙의 응용(3) - 다른 문자를 이용하여 나타내기(2),choice:1,single_choice,M2_NE_PT107,M2_NE_PT105,M2_NE_C032|M2_NE_C027,M2_NE_C022|M2_NE_C023|M2_NE_C024|M2_NE_C025|M2_NE_C026|M2_NE_C027|M2_NE_C036|M1_IR_C027,M3_POLY_C001,advanced,66,medium_observed_challenge,M2_NE_PT107__M2NE150S06_Q089,M2_NE_PT107::M2_NE_150_SET06,existing_canonical_type_matched,0.98,verified_against_problem_answer_and_solution
M2_NE_150_S06_Q090,SRC_M2_NE_150_WORKSHEET_SET06_20260710,090,12,34,86554d9310ed8b4a4db9458fdf36b1c19cd7e4d3609461d8517e30fcdccaed06,30f711bf630c2e7b452013c0b046a3f8fcde0b00e9d992b199a02ff69b829fbb,지수법칙의 응용(4) - 지수법칙과 일의 자릿수,choice:2,single_choice,M2_NE_PT109,,M2_NE_C027|M2_NE_C033,M2_NE_C022|M2_NE_C023|M2_NE_C024|M2_NE_C025|M2_NE_C026|M2_NE_C027|M2_NE_C036|M1_IR_C027,M3_POLY_C001,advanced,72,medium_observed_challenge,M2_NE_PT109__M2NE150S06_Q090,M2_NE_PT109::M2_NE_150_SET06,existing_canonical_type_matched,0.98,verified_against_problem_answer_and_solution
M2_NE_150_S06_Q091,SRC_M2_NE_150_WORKSHEET_SET06_20260710,091,12,34,29796aa98a1516e46226c2f451329425215a64c85a63bfc0000de6dc17e446ac,30f711bf630c2e7b452013c0b046a3f8fcde0b00e9d992b199a02ff69b829fbb,지수법칙의 응용(4) - 지수법칙과 일의 자릿수,choice:1,single_choice,M2_NE_PT109,,M2_NE_C027|M2_NE_C033,M2_NE_C022|M2_NE_C023|M2_NE_C024|M2_NE_C025|M2_NE_C026|M2_NE_C027|M2_NE_C036|M1_IR_C027,M3_POLY_C001,advanced,64,high_observed_challenge,M2_NE_PT109__M2NE150S06_Q091,M2_NE_PT109::M2_NE_150_SET06,existing_canonical_type_matched,0.98,verified_against_problem_answer_and_solution
M2_NE_150_S06_Q092,SRC_M2_NE_150_WORKSHEET_SET06_20260710,092,12,34,809caf8a639eb1d2dd367e77016f803be5b8822acaae7710e686337f6c299191,30f711bf630c2e7b452013c0b046a3f8fcde0b00e9d992b199a02ff69b829fbb,지수법칙의 응용(4) - 지수법칙과 일의 자릿수,choice:3,single_choice,M2_NE_PT109,,M2_NE_C027|M2_NE_C033,M2_NE_C022|M2_NE_C023|M2_NE_C024|M2_NE_C025|M2_NE_C026|M2_NE_C027|M2_NE_C036|M1_IR_C027,M3_POLY_C001,advanced,84,low_observed_challenge,M2_NE_PT109__M2NE150S06_Q092,M2_NE_PT109::M2_NE_150_SET06,existing_canonical_type_matched,0.98,verified_against_problem_answer_and_solution
M2_NE_150_S06_Q093,SRC_M2_NE_150_WORKSHEET_SET06_20260710,093,12,34,f0f2f5fbdbb073ff3c269208da28a796d9d66b30faf6ec7e904460f3853f1066,f88795d8243a6eeecf3a1c121dbe6435fa13b5c56ff2e1c6639a185596d0cf89,지수법칙의 응용(4) - 지수법칙과 일의 자릿수,1957,integer,M2_NE_PT110,M2_NE_PT109,M2_NE_C027|M2_NE_C033,M2_NE_C022|M2_NE_C023|M2_NE_C024|M2_NE_C025|M2_NE_C026|M2_NE_C027|M2_NE_C036|M1_IR_C027,M3_POLY_C001,advanced,54,high_observed_challenge,M2_NE_PT110__M2NE150S06_Q093,M2_NE_PT110::M2_NE_150_SET06,existing_canonical_type_matched,0.98,verified_against_problem_answer_and_solution
M2_NE_150_S06_Q094,SRC_M2_NE_150_WORKSHEET_SET06_20260710,094,12,34,a598041d713384d94cebb0b4324427e4c0451e3455ab0011f14c6cbcc8cf9901,510a4942a65de69c21866a22d9fbffc60876107ade99ab1afc220b555a9a6500,지수법칙의 응용(5) - 지수법칙과 자연수의 자릿수,choice:3,single_choice,M2_NE_PT112,,M2_NE_C027|M2_NE_C034,M2_NE_C022|M2_NE_C023|M2_NE_C024|M2_NE_C025|M2_NE_C026|M2_NE_C027|M2_NE_C036|M1_IR_C027,M3_POLY_C001,advanced,81,low_observed_challenge,M2_NE_PT112__M2NE150S06_Q094,M2_NE_PT112::M2_NE_150_SET06,existing_canonical_type_matched,0.98,verified_against_problem_answer_and_solution
M2_NE_150_S06_Q095,SRC_M2_NE_150_WORKSHEET_SET06_20260710,095,12,34,54388533db0da028c523d504550a5104dd29274a16bcc2a5645f833b8123b81d,b102678588af061dc8ef3abc49373543fb30f021b137ff5720d973bc1a0ba42d,지수법칙의 응용(5) - 지수법칙과 자연수의 자릿수,choice:4,single_choice,M2_NE_PT113,M2_NE_PT112,M2_NE_C027|M2_NE_C034,M2_NE_C022|M2_NE_C023|M2_NE_C024|M2_NE_C025|M2_NE_C026|M2_NE_C027|M2_NE_C036|M1_IR_C027,M3_POLY_C001,advanced,74,medium_observed_challenge,M2_NE_PT113__M2NE150S06_Q095,M2_NE_PT113::M2_NE_150_SET06,existing_canonical_type_matched,0.98,verified_against_problem_answer_and_solution
M2_NE_150_S06_Q096,SRC_M2_NE_150_WORKSHEET_SET06_20260710,096,13,35,47626605af58945cb914c01eb66065d06c4bfff50c4311c30b9eee2bde99a4ef,edfb8d1a17060a30916b5d1d74f89d90eaf68f726b37292d28e7caded9d5ce57,지수법칙의 응용(5) - 지수법칙과 자연수의 자릿수,9,integer,M2_NE_PT113,,M2_NE_C027|M2_NE_C034,M2_NE_C022|M2_NE_C023|M2_NE_C024|M2_NE_C025|M2_NE_C026|M2_NE_C027|M2_NE_C036|M1_IR_C027,M3_POLY_C001,advanced,64,high_observed_challenge,M2_NE_PT113__M2NE150S06_Q096,M2_NE_PT113::M2_NE_150_SET06,existing_canonical_type_matched,0.98,verified_against_problem_answer_and_solution
M2_NE_150_S06_Q097,SRC_M2_NE_150_WORKSHEET_SET06_20260710,097,13,35,5651c358eb759bca4ce734e3e9aa32ea318c9b5d1101b44ebf12271476b542f1,9b65b918d96ff0f8c0c065ee7b7c8d21e6115590577590e0048a364a9fd84331,지수법칙의 응용(5) - 지수법칙과 자연수의 자릿수,11,integer,M2_NE_PT112,,M2_NE_C027|M2_NE_C034,M2_NE_C022|M2_NE_C023|M2_NE_C024|M2_NE_C025|M2_NE_C026|M2_NE_C027|M2_NE_C036|M1_IR_C027,M3_POLY_C001,advanced,76,medium_observed_challenge,M2_NE_PT112__M2NE150S06_Q097,M2_NE_PT112::M2_NE_150_SET06,existing_canonical_type_matched,0.98,verified_against_problem_answer_and_solution
M2_NE_150_S06_Q098,SRC_M2_NE_150_WORKSHEET_SET06_20260710,098,13,35,8a9b06b48b509bd4bd1a91f865b7efaa5dbfe8e6d7287705cc2bdd0543171160,7c14d6e36090d6274e723503f91cc7791543a3478c02a62c80680e299be10145,지수에 미지수가 포함된 방정식의 풀이,choice:4,single_choice,M2_NE_PT115,M2_NE_PT114,M2_NE_C022|M2_NE_C023|M2_NE_C024|M2_NE_C025|M2_NE_C026|M2_NE_C027|M2_NE_C035,M2_NE_C021|M2_NE_C022|M2_NE_C023|M2_NE_C024|M2_NE_C025|M2_NE_C026|M2_NE_C027|M2_NE_C036,M3_POLY_C001,advanced,82,low_observed_challenge,M2_NE_PT115__M2NE150S06_Q098,M2_NE_PT115::M2_NE_150_SET06,existing_canonical_type_matched,0.98,verified_against_problem_answer_and_solution
M2_NE_150_S06_Q099,SRC_M2_NE_150_WORKSHEET_SET06_20260710,099,13,35,29563c8cedd32ae50715a7c8b8631018b28ed72a403df30d3d4f19df88f13000,4af6968ed9968d813bf490db8d08adf0f41ff41e7a92a373783943536486617e,지수에 미지수가 포함된 방정식의 풀이,10,integer,M2_NE_PT119,M2_NE_PT118,M2_NE_C022|M2_NE_C023|M2_NE_C024|M2_NE_C025|M2_NE_C026|M2_NE_C027|M2_NE_C035,M2_NE_C021|M2_NE_C022|M2_NE_C023|M2_NE_C024|M2_NE_C025|M2_NE_C026|M2_NE_C027|M2_NE_C036,M3_POLY_C001,advanced,71,medium_observed_challenge,M2_NE_PT119__M2NE150S06_Q099,M2_NE_PT119::M2_NE_150_SET06,existing_canonical_type_matched,0.98,verified_against_problem_answer_and_solution
M2_NE_150_S06_Q100,SRC_M2_NE_150_WORKSHEET_SET06_20260710,100,13,35,60a8d268e6090bc0c0fd1df2cf018264790a3eb9dd580bb31b87de6cade461ac,0109ae521b2c3141b9ebebdc7472b49a4cce404398b31622bf1602c19dff9b85,지수에 미지수가 포함된 방정식의 풀이,1,integer,M2_NE_PT115,M2_NE_PT114,M2_NE_C022|M2_NE_C023|M2_NE_C024|M2_NE_C025|M2_NE_C026|M2_NE_C027|M2_NE_C035,M2_NE_C021|M2_NE_C022|M2_NE_C023|M2_NE_C024|M2_NE_C025|M2_NE_C026|M2_NE_C027|M2_NE_C036,M3_POLY_C001,advanced,67,medium_observed_challenge,M2_NE_PT115__M2NE150S06_Q100,M2_NE_PT115::M2_NE_150_SET06,existing_canonical_type_matched,0.98,verified_against_problem_answer_and_solution
M2_NE_150_S06_Q101,SRC_M2_NE_150_WORKSHEET_SET06_20260710,101,13,35,2c639b6d0414b9e0d5ddba4079bebda8a7ff38918dde169ef9f6a398746c2ce9,e56a899e991f3958ac747b9d78f2026f5ce79b9e53fcb85f9e256598d17b1a01,지수에 미지수가 포함된 방정식의 풀이,3,integer,M2_NE_PT120,M2_NE_PT118,M2_NE_C022|M2_NE_C023|M2_NE_C024|M2_NE_C025|M2_NE_C026|M2_NE_C027|M2_NE_C035,M2_NE_C021|M2_NE_C022|M2_NE_C023|M2_NE_C024|M2_NE_C025|M2_NE_C026|M2_NE_C027|M2_NE_C036,M3_POLY_C001,advanced,74,medium_observed_challenge,M2_NE_PT120__M2NE150S06_Q101,M2_NE_PT120::M2_NE_150_SET06,existing_canonical_type_matched,0.98,verified_against_problem_answer_and_solution
M2_NE_150_S06_Q102,SRC_M2_NE_150_WORKSHEET_SET06_20260710,102,13,35,fa64e9da627e738b1e83db94b445ac63db3c18b7e3383b1b3db8662483365aff,9c94796891b43d3b997ef4d5efd7183c970a6af1d1552e6412e81b968989e093,단항식의 곱셈,choice:3,single_choice,M2_NE_PT123,M2_NE_PT122,M2_NE_C037|M2_NE_C038|M2_NE_C022,M2_NE_C021|M1_EX_C009|M2_NE_C022|M2_NE_C037,M3_POLY_C001,core,71,medium_observed_challenge,M2_NE_PT123__M2NE150S06_Q102,M2_NE_PT123::M2_NE_150_SET06,existing_canonical_type_matched,0.98,verified_against_problem_answer_and_solution
M2_NE_150_S06_Q103,SRC_M2_NE_150_WORKSHEET_SET06_20260710,103,13,36,c090851a5b59fb5e1d0e8321eb604cb5044cbaada1c61cb59642423a3e32b84b,9c94796891b43d3b997ef4d5efd7183c970a6af1d1552e6412e81b968989e093,단항식의 곱셈,choice:3,single_choice,M2_NE_PT123,M2_NE_PT122,M2_NE_C037|M2_NE_C038|M2_NE_C022,M2_NE_C021|M1_EX_C009|M2_NE_C022|M2_NE_C037,M3_POLY_C001,core,83,low_observed_challenge,M2_NE_PT123__M2NE150S06_Q103,M2_NE_PT123::M2_NE_150_SET06,existing_canonical_type_matched,0.98,verified_against_problem_answer_and_solution
M2_NE_150_S06_Q104,SRC_M2_NE_150_WORKSHEET_SET06_20260710,104,14,36,dbc763f28b91cace89fd6f6685e4a5f017e352f96a06d110607ef44bfee0c900,9c94796891b43d3b997ef4d5efd7183c970a6af1d1552e6412e81b968989e093,단항식의 곱셈,choice:3,single_choice,M2_NE_PT123,M2_NE_PT122,M2_NE_C037|M2_NE_C038|M2_NE_C022,M2_NE_C021|M1_EX_C009|M2_NE_C022|M2_NE_C037,M3_POLY_C001,core,80,low_observed_challenge,M2_NE_PT123__M2NE150S06_Q104,M2_NE_PT123::M2_NE_150_SET06,existing_canonical_type_matched,0.98,verified_against_problem_answer_and_solution
M2_NE_150_S06_Q105,SRC_M2_NE_150_WORKSHEET_SET06_20260710,105,14,36,fda2ce7c5b9431b3f56971be2a9c722c8d4eda4bfbf56e43ace6ecfd9fd56385,9cba5eb59562225990fd3104df6f91a78bc89bcb9bd9f1565d14c5e91f1b899a,단항식의 나눗셈,choice:3,single_choice,M2_NE_PT128,M2_NE_PT127,M2_NE_C037|M2_NE_C039|M2_NE_C024,M2_NE_C021|M2_NE_C024|M2_NE_C037|M1_IR_C024,,core,80,low_observed_challenge,M2_NE_PT128__M2NE150S06_Q105,M2_NE_PT128::M2_NE_150_SET06,existing_canonical_type_matched,0.98,verified_against_problem_answer_and_solution
M2_NE_150_S06_Q106,SRC_M2_NE_150_WORKSHEET_SET06_20260710,106,14,36,6a6268ea13f7ddbce4172f2d822c0036bd6bdb2b596e95abbbb04a3b9e528168,d576dae29a8a4c3ca9632275b4b6b90bbbb0dd68e7ab28dd60aea38152efb618,단항식의 나눗셈,choice:5,single_choice,M2_NE_PT128,M2_NE_PT127,M2_NE_C037|M2_NE_C039|M2_NE_C024,M2_NE_C021|M2_NE_C024|M2_NE_C037|M1_IR_C024,,core,83,low_observed_challenge,M2_NE_PT128__M2NE150S06_Q106,M2_NE_PT128::M2_NE_150_SET06,existing_canonical_type_matched,0.98,verified_against_problem_answer_and_solution
M2_NE_150_S06_Q107,SRC_M2_NE_150_WORKSHEET_SET06_20260710,107,14,36,5297b2def16ad89a5fc65e09b1a3a4de33e6973d0bd4cd833fd788f8d3ed062b,cbde5502326728ea74884ace65395feea662a836c8252fabc359982eec75e69a,단항식의 나눗셈,7,integer,M2_NE_PT128,M2_NE_PT127,M2_NE_C037|M2_NE_C039|M2_NE_C024,M2_NE_C021|M2_NE_C024|M2_NE_C037|M1_IR_C024,,core,67,medium_observed_challenge,M2_NE_PT128__M2NE150S06_Q107,M2_NE_PT128::M2_NE_150_SET06,existing_canonical_type_matched,0.98,verified_against_problem_answer_and_solution
M2_NE_150_S06_Q108,SRC_M2_NE_150_WORKSHEET_SET06_20260710,108,14,36,a0af0369aa4c29473d6d511ac00506067d89d2d3262ce82bc808c439138623c5,cbde5502326728ea74884ace65395feea662a836c8252fabc359982eec75e69a,단항식의 나눗셈,12,integer,M2_NE_PT128,M2_NE_PT127,M2_NE_C037|M2_NE_C039|M2_NE_C024,M2_NE_C021|M2_NE_C024|M2_NE_C037|M1_IR_C024,,core,67,medium_observed_challenge,M2_NE_PT128__M2NE150S06_Q108,M2_NE_PT128::M2_NE_150_SET06,existing_canonical_type_matched,0.98,verified_against_problem_answer_and_solution
M2_NE_150_S06_Q109,SRC_M2_NE_150_WORKSHEET_SET06_20260710,109,14,36,15c9f407f5f6bc817e30f7a14b3fa562cdc8cc9811a4ac695d9ef8a96f10235d,d94bd676e25e62d0910057e26e42bb85b094b5d5e192c49db398ee3d5e4c81a1,단항식의 곱셈과 나눗셈의 혼합 계산,40,integer,M2_NE_PT132,M2_NE_PT130,M2_NE_C038|M2_NE_C039|M2_NE_C040|M2_NE_C041,M1_EX_C009|M2_NE_C021|M2_NE_C022|M2_NE_C024|M2_NE_C037|M2_NE_C038|M2_NE_C039|M2_NE_C040,M3_POLY_C001,advanced,61,high_observed_challenge,M2_NE_PT132__M2NE150S06_Q109,M2_NE_PT132::M2_NE_150_SET06,existing_canonical_type_matched,0.98,verified_against_problem_answer_and_solution
M2_NE_150_S06_Q110,SRC_M2_NE_150_WORKSHEET_SET06_20260710,110,14,36,eb7e320fad14abc3620fe2ed6a1497d1f1ae75ad58426798ad69b682d85c26b2,ac43550cf0ad6c30df1d35fcd102a7a90c6d89f642d2b3d7f4499235e9a09cce,단항식의 곱셈과 나눗셈의 혼합 계산,choice:4,single_choice,M2_NE_PT130,M2_NE_PT129,M2_NE_C038|M2_NE_C039|M2_NE_C040|M2_NE_C041,M1_EX_C009|M2_NE_C021|M2_NE_C022|M2_NE_C024|M2_NE_C037|M2_NE_C038|M2_NE_C039|M2_NE_C040,M3_POLY_C001,advanced,87,low_observed_challenge,M2_NE_PT130__M2NE150S06_Q110,M2_NE_PT130::M2_NE_150_SET06,existing_canonical_type_matched,0.98,verified_against_problem_answer_and_solution
M2_NE_150_S06_Q111,SRC_M2_NE_150_WORKSHEET_SET06_20260710,111,15,37,9961dbeaf84f7b75e582b2b54be22a67cae4f149eebec89e003d1b42a22fb612,e84b880b8de97d3558feba303a4b89232c8bb7a266e990b52a04c0b44f7ebee2,단항식의 계산에서 빈 칸에 알맞은 식 구하기,choice:2,single_choice,M2_NE_PT135,,M2_NE_C040|M2_NE_C042,M2_NE_C038|M2_NE_C039|M2_NE_C040,,advanced,80,low_observed_challenge,M2_NE_PT135__M2NE150S06_Q111,M2_NE_PT135::M2_NE_150_SET06,existing_canonical_type_matched,0.98,verified_against_problem_answer_and_solution
M2_NE_150_S06_Q112,SRC_M2_NE_150_WORKSHEET_SET06_20260710,112,15,37,fbea99b09528267d7453069296ae472995aa675cdfe98a352bef83ad40d5f4df,e84b880b8de97d3558feba303a4b89232c8bb7a266e990b52a04c0b44f7ebee2,단항식의 계산에서 빈 칸에 알맞은 식 구하기,choice:1,single_choice,M2_NE_PT135,,M2_NE_C040|M2_NE_C042,M2_NE_C038|M2_NE_C039|M2_NE_C040,,advanced,85,low_observed_challenge,M2_NE_PT135__M2NE150S06_Q112,M2_NE_PT135::M2_NE_150_SET06,existing_canonical_type_matched,0.98,verified_against_problem_answer_and_solution
M2_NE_150_S06_Q113,SRC_M2_NE_150_WORKSHEET_SET06_20260710,113,15,37,1001da603c2a5876d43cd62431dd2b5a7ae3d13299e3ca510f7cdeaf3d116df0,692140d1e31a83d07e6de214b39e9687c60ea407ddcc2b6b0a0f8b8a1e5db7ff,단항식의 계산에서 빈 칸에 알맞은 식 구하기,choice:3,single_choice,M2_NE_PT136,M2_NE_PT135,M2_NE_C040|M2_NE_C042,M2_NE_C038|M2_NE_C039|M2_NE_C040,,advanced,90,low_observed_challenge,M2_NE_PT136__M2NE150S06_Q113,M2_NE_PT136::M2_NE_150_SET06,existing_canonical_type_matched,0.98,verified_against_problem_answer_and_solution
M2_NE_150_S06_Q114,SRC_M2_NE_150_WORKSHEET_SET06_20260710,114,15,37,0cfde6c802625fd33a78137b9b1aba6fce0b5f03192a9c928942fa0e68f7e001,c68238ace544286d6c974ed5667a0972b83299fc04f653dcae7bd234042b5418,도형에서의 단항식의 계산(2) - 입체도형,choice:2,single_choice,M2_NE_PT143,M2_NE_PT140|M2_NE_PT141,M2_NE_C038|M2_NE_C040|M2_NE_C044,M1_EX_C009|M2_NE_C021|M2_NE_C022|M2_NE_C037|M2_NE_C038|M2_NE_C039|M2_NE_C040,M3_POLY_C001,advanced,71,medium_observed_challenge,M2_NE_PT143__M2NE150S06_Q114,M2_NE_PT143::M2_NE_150_SET06,existing_canonical_type_matched,0.98,verified_against_problem_answer_and_solution
M2_NE_150_S06_Q115,SRC_M2_NE_150_WORKSHEET_SET06_20260710,115,15,37,0791b9807812cb32e8b7dba07713a2dafc91b39ebcbc56561595a8e2d409f970,43f51dc0da3d5154b77f4452d8330abb123fdb3b611dcfd6bd6df58cc24d5080,도형에서의 단항식의 계산(2) - 입체도형,81개,expression,M2_NE_PT143,M2_NE_PT140|M2_NE_PT141,M2_NE_C038|M2_NE_C040|M2_NE_C044,M1_EX_C009|M2_NE_C021|M2_NE_C022|M2_NE_C037|M2_NE_C038|M2_NE_C039|M2_NE_C040,M3_POLY_C001,advanced,60,high_observed_challenge,M2_NE_PT143__M2NE150S06_Q115,M2_NE_PT143::M2_NE_150_SET06,existing_canonical_type_matched,0.98,verified_against_problem_answer_and_solution
M2_NE_150_S06_Q116,SRC_M2_NE_150_WORKSHEET_SET06_20260710,116,15,37,d38e97f607c9ffbe32a60fc9c8a2e1017a7d83a3d1ead7b59bfaf4b24615e1c7,43f51dc0da3d5154b77f4452d8330abb123fdb3b611dcfd6bd6df58cc24d5080,도형에서의 단항식의 계산(2) - 입체도형,54개,expression,M2_NE_PT143,M2_NE_PT140|M2_NE_PT141,M2_NE_C038|M2_NE_C040|M2_NE_C044,M1_EX_C009|M2_NE_C021|M2_NE_C022|M2_NE_C037|M2_NE_C038|M2_NE_C039|M2_NE_C040,M3_POLY_C001,advanced,67,medium_observed_challenge,M2_NE_PT143__M2NE150S06_Q116,M2_NE_PT143::M2_NE_150_SET06,existing_canonical_type_matched,0.98,verified_against_problem_answer_and_solution
M2_NE_150_S06_Q117,SRC_M2_NE_150_WORKSHEET_SET06_20260710,117,16,37,f03cbbe4c49aff97f25bd60eca0a07621ceab588d32b312b2e8fdd051daa20a3,c68238ace544286d6c974ed5667a0972b83299fc04f653dcae7bd234042b5418,도형에서의 단항식의 계산(2) - 입체도형,choice:5,single_choice,M2_NE_PT143,M2_NE_PT140|M2_NE_PT141,M2_NE_C038|M2_NE_C040|M2_NE_C044,M1_EX_C009|M2_NE_C021|M2_NE_C022|M2_NE_C037|M2_NE_C038|M2_NE_C039|M2_NE_C040,M3_POLY_C001,advanced,80,low_observed_challenge,M2_NE_PT143__M2NE150S06_Q117,M2_NE_PT143::M2_NE_150_SET06,existing_canonical_type_matched,0.98,verified_against_problem_answer_and_solution
M2_NE_150_S06_Q118,SRC_M2_NE_150_WORKSHEET_SET06_20260710,118,16,37,1aa08f72c5c20ec90bdcbd2194e2ecf3c12bef65364088b716b53c1316c3a44e,e02198010fdafc9a79051b4651c7cf7d5a3d8f5e42a140d10a2a7f6027801d62,다항식의 덧셈과 뺄셈,choice:3,single_choice,M2_NE_PT148,M2_NE_PT146,M2_NE_C046|M2_NE_C047|M2_NE_C049|M2_NE_C055,M1_EX_C008|M1_EX_C010|M1_EX_C011|M2_NE_C046|M2_NE_C047|M2_NE_C054,M3_POLY_C001,core,73,medium_observed_challenge,M2_NE_PT148__M2NE150S06_Q118,M2_NE_PT148::M2_NE_150_SET06,existing_canonical_type_matched,0.98,verified_against_problem_answer_and_solution
M2_NE_150_S06_Q119,SRC_M2_NE_150_WORKSHEET_SET06_20260710,119,16,37,60e945c28fbce693fb687528d9d69ad78b01931f493927953f7780e26717223c,82b7c9bc9bb6f0206155ba159f1201aee9ea9f84af55d1626b5cc94827cd1c56,다항식의 덧셈과 뺄셈,choice:2,single_choice,M2_NE_PT149,M2_NE_PT146,M2_NE_C046|M2_NE_C047|M2_NE_C049|M2_NE_C055,M1_EX_C008|M1_EX_C010|M1_EX_C011|M2_NE_C046|M2_NE_C047|M2_NE_C054,M3_POLY_C001,core,62,high_observed_challenge,M2_NE_PT149__M2NE150S06_Q119,M2_NE_PT149::M2_NE_150_SET06,existing_canonical_type_matched,0.98,verified_against_problem_answer_and_solution
M2_NE_150_S06_Q120,SRC_M2_NE_150_WORKSHEET_SET06_20260710,120,16,38,e0482b80dc255a346e2ad6e4b89845d9c3383f8ed9fe8270f47eca1225424510,e02198010fdafc9a79051b4651c7cf7d5a3d8f5e42a140d10a2a7f6027801d62,다항식의 덧셈과 뺄셈,choice:3,single_choice,M2_NE_PT148,M2_NE_PT146,M2_NE_C046|M2_NE_C047|M2_NE_C049|M2_NE_C055,M1_EX_C008|M1_EX_C010|M1_EX_C011|M2_NE_C046|M2_NE_C047|M2_NE_C054,M3_POLY_C001,core,68,medium_observed_challenge,M2_NE_PT148__M2NE150S06_Q120,M2_NE_PT148::M2_NE_150_SET06,existing_canonical_type_matched,0.98,verified_against_problem_answer_and_solution
M2_NE_150_S06_Q121,SRC_M2_NE_150_WORKSHEET_SET06_20260710,121,16,38,a556a85b61fcc0c276d5220f2be46026eb5618bc642d44510f94fbbda3da04b9,82b7c9bc9bb6f0206155ba159f1201aee9ea9f84af55d1626b5cc94827cd1c56,다항식의 덧셈과 뺄셈,choice:4,single_choice,M2_NE_PT149,M2_NE_PT146,M2_NE_C046|M2_NE_C047|M2_NE_C049|M2_NE_C055,M1_EX_C008|M1_EX_C010|M1_EX_C011|M2_NE_C046|M2_NE_C047|M2_NE_C054,M3_POLY_C001,core,65,medium_observed_challenge,M2_NE_PT149__M2NE150S06_Q121,M2_NE_PT149::M2_NE_150_SET06,existing_canonical_type_matched,0.98,verified_against_problem_answer_and_solution
M2_NE_150_S06_Q122,SRC_M2_NE_150_WORKSHEET_SET06_20260710,122,16,38,6fdd01517310dc94a029aa7c5a3ee0e46c06a9c797e47dca670068422c302feb,933a0f06c2213ca178d2dcb00db64de3681cf546333955011d7ce953c4f58f23,이차식의 덧셈과 뺄셈,0,integer,M2_NE_PT152,M2_NE_PT153,M2_NE_C047|M2_NE_C048,M1_EX_C010|M2_NE_C046,M3_POLY_C001,core,82,low_observed_challenge,M2_NE_PT152__M2NE150S06_Q122,M2_NE_PT152::M2_NE_150_SET06,existing_canonical_type_matched,0.98,verified_against_problem_answer_and_solution
M2_NE_150_S06_Q123,SRC_M2_NE_150_WORKSHEET_SET06_20260710,123,17,38,1a3eb095b99570ebb71f45e7618a55f0d718e4f9d7781d518eec344755c5a2de,5f7af0c3606a51315d534d9080b4df6c9a956e32e4e0c0119d2c07d526833d4c,이차식의 덧셈과 뺄셈,choice:4,single_choice,M2_NE_PT152,,M2_NE_C047|M2_NE_C048,M1_EX_C010|M2_NE_C046,M3_POLY_C001,core,77,medium_observed_challenge,M2_NE_PT152__M2NE150S06_Q123,M2_NE_PT152::M2_NE_150_SET06,existing_canonical_type_matched,0.98,verified_against_problem_answer_and_solution
M2_NE_150_S06_Q124,SRC_M2_NE_150_WORKSHEET_SET06_20260710,124,17,38,1454f53612becc9fb80136dfda2fe62cfe99cf572c536247c32d0e3fba28e357,c83657c03352db49b83a843634695ffb3adecf0c4ffac80d162009df751c025a,여러 가지 괄호가 있는 식의 계산,3,integer,M2_NE_PT157,M2_NE_PT156,M2_NE_C047|M2_NE_C049,M1_EX_C010|M1_EX_C011|M2_NE_C046|M2_NE_C047,M3_POLY_C001,core,79,medium_observed_challenge,M2_NE_PT157__M2NE150S06_Q124,M2_NE_PT157::M2_NE_150_SET06,existing_canonical_type_matched,0.98,verified_against_problem_answer_and_solution
M2_NE_150_S06_Q125,SRC_M2_NE_150_WORKSHEET_SET06_20260710,125,17,38,8fcb805c235c093289d4ffe28de837c770fe1a3dafde181a28c7328d5a846c91,7cd15d067e4575f5c3db68b58dd411e0eabce483bcf69be31f52f766b2433902,여러 가지 괄호가 있는 식의 계산,1,integer,M2_NE_PT159,M2_NE_PT157,M2_NE_C047|M2_NE_C049,M1_EX_C010|M1_EX_C011|M2_NE_C046|M2_NE_C047,M3_POLY_C001,core,65,medium_observed_challenge,M2_NE_PT159__M2NE150S06_Q125,M2_NE_PT159::M2_NE_150_SET06,existing_canonical_type_matched,0.98,verified_against_problem_answer_and_solution
M2_NE_150_S06_Q126,SRC_M2_NE_150_WORKSHEET_SET06_20260710,126,17,38,8fd45583ce5fbf8dba9c7327b2aaf8d8d964a4db571197a631448db1f3591693,bd40766d001a35c8032c0b5b456d3d0b732d243c56b1d79ccc455c50416d904c,여러 가지 괄호가 있는 식의 계산,choice:5,single_choice,M2_NE_PT159,M2_NE_PT157,M2_NE_C047|M2_NE_C049,M1_EX_C010|M1_EX_C011|M2_NE_C046|M2_NE_C047,M3_POLY_C001,core,88,low_observed_challenge,M2_NE_PT159__M2NE150S06_Q126,M2_NE_PT159::M2_NE_150_SET06,existing_canonical_type_matched,0.98,verified_against_problem_answer_and_solution
M2_NE_150_S06_Q127,SRC_M2_NE_150_WORKSHEET_SET06_20260710,127,17,38,9f81a70406cd6685422118ba0e1cf4de84d43050053ae4511739027d4e8b41b5,27f2a4e5ce6d221e066d5af894b421c3c6bc83f2bf162eb49fb57080c9806279,다항식의 덧셈/뺄셈에서 빈 칸에 알맞은 식 구하기,choice:2,single_choice,M2_NE_PT163,,M2_NE_C047|M2_NE_C050,M1_EX_C010|M2_NE_C046|M2_NE_C047,M3_POLY_C001,advanced,66,medium_observed_challenge,M2_NE_PT163__M2NE150S06_Q127,M2_NE_PT163::M2_NE_150_SET06,existing_canonical_type_matched,0.98,verified_against_problem_answer_and_solution
M2_NE_150_S06_Q128,SRC_M2_NE_150_WORKSHEET_SET06_20260710,128,17,38,f66c9f97335012060178db17260d1c281a6b247ad09ee0e5f2e208dbb6ffdb21,27f2a4e5ce6d221e066d5af894b421c3c6bc83f2bf162eb49fb57080c9806279,다항식의 덧셈/뺄셈에서 빈 칸에 알맞은 식 구하기,choice:4,single_choice,M2_NE_PT163,,M2_NE_C047|M2_NE_C050,M1_EX_C010|M2_NE_C046|M2_NE_C047,M3_POLY_C001,advanced,81,low_observed_challenge,M2_NE_PT163__M2NE150S06_Q128,M2_NE_PT163::M2_NE_150_SET06,existing_canonical_type_matched,0.98,verified_against_problem_answer_and_solution
M2_NE_150_S06_Q129,SRC_M2_NE_150_WORKSHEET_SET06_20260710,129,17,39,646491cac038640cb613126f4e9320a0eb2a65b966e72ba9edb3a1836bf13376,2d9585d0cb7157217a0eac462d004eb8434eb4cea06562e4e6750411c537bea8,다항식의 덧셈/뺄셈에서 빈 칸에 알맞은 식 구하기,8,integer,M2_NE_PT164,M2_NE_PT162,M2_NE_C047|M2_NE_C050,M1_EX_C010|M2_NE_C046|M2_NE_C047,M3_POLY_C001,advanced,52,high_observed_challenge,M2_NE_PT164__M2NE150S06_Q129,M2_NE_PT164::M2_NE_150_SET06,existing_canonical_type_matched,0.98,verified_against_problem_answer_and_solution
M2_NE_150_S06_Q130,SRC_M2_NE_150_WORKSHEET_SET06_20260710,130,18,39,1284463c4bca32df92a0977609f8e40c3884c380cc66a53e9fcbf3ba15d4ff19,2d9585d0cb7157217a0eac462d004eb8434eb4cea06562e4e6750411c537bea8,다항식의 덧셈/뺄셈에서 빈 칸에 알맞은 식 구하기,3,integer,M2_NE_PT164,M2_NE_PT162,M2_NE_C047|M2_NE_C050,M1_EX_C010|M2_NE_C046|M2_NE_C047,M3_POLY_C001,advanced,54,high_observed_challenge,M2_NE_PT164__M2NE150S06_Q130,M2_NE_PT164::M2_NE_150_SET06,existing_canonical_type_matched,0.98,verified_against_problem_answer_and_solution
M2_NE_150_S06_Q131,SRC_M2_NE_150_WORKSHEET_SET06_20260710,131,18,39,ef3f80b32f0ce6415ff85be68fd90565a886286c85c7a8df8cd583ae7d7ac491,a54462a7cf6a2cf9f26c3cd7194f27968a49f0d9e0e9ec4bc98cf8f38a036ded,사칙연산이 혼합된 계산,-3/2,fraction,M2_NE_PT178,M2_NE_PT177,M2_NE_C052|M2_NE_C053|M2_NE_C054|M2_NE_C055,M2_NE_C038|M2_NE_C039|M2_NE_C046|M2_NE_C052|M2_NE_C053|M2_NE_C054,H1_POLY_C001,advanced,55,high_observed_challenge,M2_NE_PT178__M2NE150S06_Q131,M2_NE_PT178::M2_NE_150_SET06,existing_canonical_type_matched,0.98,verified_against_problem_answer_and_solution
M2_NE_150_S06_Q132,SRC_M2_NE_150_WORKSHEET_SET06_20260710,132,18,39,99b0b4f36347d27af4358011e38f088ea3d12b77651d42c29d0f94033e0c0120,8b12314d579fea216a199f9c770d70ec1a0ea42cc7b03f8bb5f355531678fc6d,사칙연산이 혼합된 계산,10,integer,M2_NE_PT177,,M2_NE_C052|M2_NE_C053|M2_NE_C054|M2_NE_C055,M2_NE_C038|M2_NE_C039|M2_NE_C046|M2_NE_C052|M2_NE_C053|M2_NE_C054,H1_POLY_C001,advanced,70,medium_observed_challenge,M2_NE_PT177__M2NE150S06_Q132,M2_NE_PT177::M2_NE_150_SET06,existing_canonical_type_matched,0.98,verified_against_problem_answer_and_solution
M2_NE_150_S06_Q133,SRC_M2_NE_150_WORKSHEET_SET06_20260710,133,18,39,7c4a8eddeeb095f68059e210c4ccb8dba459b6738e1b69f1ea70bd4d9033bac3,d12c79338449c44e896d6ebb85878f482768906d3ad6af4ef792d95471912112,사칙연산이 혼합된 계산,choice:5,single_choice,M2_NE_PT179,M2_NE_PT177,M2_NE_C052|M2_NE_C053|M2_NE_C054|M2_NE_C055,M2_NE_C038|M2_NE_C039|M2_NE_C046|M2_NE_C052|M2_NE_C053|M2_NE_C054,H1_POLY_C001,advanced,76,medium_observed_challenge,M2_NE_PT179__M2NE150S06_Q133,M2_NE_PT179::M2_NE_150_SET06,existing_canonical_type_matched,0.98,verified_against_problem_answer_and_solution
M2_NE_150_S06_Q134,SRC_M2_NE_150_WORKSHEET_SET06_20260710,134,18,40,82e030a67b2508dae4f05f9f5e6cfcc63ab03cf51a6a34e14a9b43e7143543f8,0fcddaff07ba07cd4cdf210535280c62f845c46e23434714d95fbb8fff301613,사칙연산이 혼합된 계산,-17,integer,M2_NE_PT179,M2_NE_PT177,M2_NE_C052|M2_NE_C053|M2_NE_C054|M2_NE_C055,M2_NE_C038|M2_NE_C039|M2_NE_C046|M2_NE_C052|M2_NE_C053|M2_NE_C054,H1_POLY_C001,advanced,60,high_observed_challenge,M2_NE_PT179__M2NE150S06_Q134,M2_NE_PT179::M2_NE_150_SET06,existing_canonical_type_matched,0.98,verified_against_problem_answer_and_solution
M2_NE_150_S06_Q135,SRC_M2_NE_150_WORKSHEET_SET06_20260710,135,18,40,67a4f97ee9ad7f3e5bc87940efd89c5810f4381eb790f5f6490baf20e91c0b49,7de2a0d3ba35c0a8b626568955154ff7b1c12fa94f2d71f99d7223fd579a5bdf,도형에서의 다항식의 계산(1) - 평면도형,choice:1,single_choice,M2_NE_PT181,,M2_NE_C047|M2_NE_C052|M2_NE_C056,M1_EX_C010|M2_NE_C038|M2_NE_C046|M2_NE_C052,H1_POLY_C001|M3_POLY_C001,advanced,76,medium_observed_challenge,M2_NE_PT181__M2NE150S06_Q135,M2_NE_PT181::M2_NE_150_SET06,existing_canonical_type_matched,0.98,verified_against_problem_answer_and_solution
M2_NE_150_S06_Q136,SRC_M2_NE_150_WORKSHEET_SET06_20260710,136,19,40,a945863e8ea58da862fbdb7e44cc97125416b97c484c9767810b1e6fd9f2639d,49d82424d6f58a6b76b65955ac3bc1d878dba6edbcf81df32cb2a8af512609a2,도형에서의 다항식의 계산(1) - 평면도형,choice:3,single_choice,M2_NE_PT182,M2_NE_PT180,M2_NE_C047|M2_NE_C052|M2_NE_C056,M1_EX_C010|M2_NE_C038|M2_NE_C046|M2_NE_C052,H1_POLY_C001|M3_POLY_C001,advanced,60,high_observed_challenge,M2_NE_PT182__M2NE150S06_Q136,M2_NE_PT182::M2_NE_150_SET06,existing_canonical_type_matched,0.98,verified_against_problem_answer_and_solution
M2_NE_150_S06_Q137,SRC_M2_NE_150_WORKSHEET_SET06_20260710,137,19,40,06795b5518ca72b848b414c0471b9c975079876522131e5f14a379674fcded69,ff64e31ee8b65c0cb3a21cc30572adb3d90d3d752b32d138598bbb5f631ef4b7,도형에서의 다항식의 계산(1) - 평면도형,96cm²,expression,M2_NE_PT182,M2_NE_PT181,M2_NE_C047|M2_NE_C052|M2_NE_C056,M1_EX_C010|M2_NE_C038|M2_NE_C046|M2_NE_C052,H1_POLY_C001|M3_POLY_C001,advanced,54,high_observed_challenge,M2_NE_PT182__M2NE150S06_Q137,M2_NE_PT182::M2_NE_150_SET06,existing_canonical_type_matched,0.98,verified_against_problem_answer_and_solution
M2_NE_150_S06_Q138,SRC_M2_NE_150_WORKSHEET_SET06_20260710,138,19,40,eabd6e9bde5996d9b915072cd5b00065e9ec81dda1eff1b522bbc3d123d4c797,49d82424d6f58a6b76b65955ac3bc1d878dba6edbcf81df32cb2a8af512609a2,도형에서의 다항식의 계산(1) - 평면도형,choice:4,single_choice,M2_NE_PT182,M2_NE_PT180,M2_NE_C047|M2_NE_C052|M2_NE_C056,M1_EX_C010|M2_NE_C038|M2_NE_C046|M2_NE_C052,H1_POLY_C001|M3_POLY_C001,advanced,70,medium_observed_challenge,M2_NE_PT182__M2NE150S06_Q138,M2_NE_PT182::M2_NE_150_SET06,existing_canonical_type_matched,0.98,verified_against_problem_answer_and_solution
M2_NE_150_S06_Q139,SRC_M2_NE_150_WORKSHEET_SET06_20260710,139,19,41,5c0ba2ea61281a9715b256f34e61dd24462e95db35ec82bbfcb09676df2f8eaa,566c6e66c8a0efb5d095f31ce6b3bd4b8c2953008b7e2b3fa9fbb92e2c1e496a,도형에서의 다항식의 계산(2) - 입체도형,choice:1,single_choice,M2_NE_PT184,M2_NE_PT183,M2_NE_C052|M2_NE_C053|M2_NE_C057,M2_NE_C038|M2_NE_C039|M2_NE_C046|M2_NE_C053,H1_POLY_C001,advanced,77,medium_observed_challenge,M2_NE_PT184__M2NE150S06_Q139,M2_NE_PT184::M2_NE_150_SET06,existing_canonical_type_matched,0.98,verified_against_problem_answer_and_solution
M2_NE_150_S06_Q140,SRC_M2_NE_150_WORKSHEET_SET06_20260710,140,19,41,7f3bb8f1dfc3c9119769d232326a3cdcbc340511d0951c2c2f4362b3382ce883,566c6e66c8a0efb5d095f31ce6b3bd4b8c2953008b7e2b3fa9fbb92e2c1e496a,도형에서의 다항식의 계산(2) - 입체도형,choice:2,single_choice,M2_NE_PT184,M2_NE_PT183,M2_NE_C052|M2_NE_C053|M2_NE_C057,M2_NE_C038|M2_NE_C039|M2_NE_C046|M2_NE_C053,H1_POLY_C001,advanced,80,low_observed_challenge,M2_NE_PT184__M2NE150S06_Q140,M2_NE_PT184::M2_NE_150_SET06,existing_canonical_type_matched,0.98,verified_against_problem_answer_and_solution
M2_NE_150_S06_Q141,SRC_M2_NE_150_WORKSHEET_SET06_20260710,141,20,41,f2097e9eaa2fb6f83b6d7563d32273ecfbbf2a1a19bb11886ecb2ff3fef6690e,1d47134d6fc237d26b7b9afd9b7c986d3a0d7e2cf0632ae9503a508bb151464f,도형에서의 다항식의 계산(2) - 입체도형,choice:4,single_choice,M2_NE_PT185,M2_NE_PT183|M2_NE_PT184,M2_NE_C052|M2_NE_C053|M2_NE_C057,M2_NE_C038|M2_NE_C039|M2_NE_C046|M2_NE_C053,H1_POLY_C001,advanced,57,high_observed_challenge,M2_NE_PT185__M2NE150S06_Q141,M2_NE_PT185::M2_NE_150_SET06,existing_canonical_type_matched,0.98,verified_against_problem_answer_and_solution
M2_NE_150_S06_Q142,SRC_M2_NE_150_WORKSHEET_SET06_20260710,142,20,41,3d0f1735b0fb60c7ef71af35ad534b5953ba776fc50471acd7411e8c0059d638,1d47134d6fc237d26b7b9afd9b7c986d3a0d7e2cf0632ae9503a508bb151464f,도형에서의 다항식의 계산(2) - 입체도형,choice:3,single_choice,M2_NE_PT185,M2_NE_PT183|M2_NE_PT184,M2_NE_C052|M2_NE_C053|M2_NE_C057,M2_NE_C038|M2_NE_C039|M2_NE_C046|M2_NE_C053,H1_POLY_C001,advanced,62,high_observed_challenge,M2_NE_PT185__M2NE150S06_Q142,M2_NE_PT185::M2_NE_150_SET06,existing_canonical_type_matched,0.98,verified_against_problem_answer_and_solution
M2_NE_150_S06_Q143,SRC_M2_NE_150_WORKSHEET_SET06_20260710,143,20,41,7a10b5d2030f0ce4f655aefd2a6fe2a94377b6c2da8a53f21a2bb71568d2466b,49a93fb87fca76802ac8d685e86a3928bce305608c7c2a6ad41bced530cfdec5,식의 값,choice:1,single_choice,M2_NE_PT190,M2_NE_PT188|M2_NE_PT189,M2_NE_C047|M2_NE_C052|M2_NE_C053|M2_NE_C055|M2_NE_C058,M1_EX_C010|M2_NE_C038|M2_NE_C039|M2_NE_C046|M2_NE_C047|M2_NE_C052|M2_NE_C053|M2_NE_C054,H1_POLY_C001|M3_POLY_C001,core,74,medium_observed_challenge,M2_NE_PT190__M2NE150S06_Q143,M2_NE_PT190::M2_NE_150_SET06,existing_canonical_type_matched,0.98,verified_against_problem_answer_and_solution
M2_NE_150_S06_Q144,SRC_M2_NE_150_WORKSHEET_SET06_20260710,144,20,42,4a33e74cf21d14c95293a5a4b97642c1cba2ff1e001c073f3e60917003b44521,0ba6bc8e6b815cf48cb9fdd9f23eafc89bc62f773c16c98c0d22666658f33500,식의 값,24,integer,M2_NE_PT190,M2_NE_PT188|M2_NE_PT189,M2_NE_C047|M2_NE_C052|M2_NE_C053|M2_NE_C055|M2_NE_C058,M1_EX_C010|M2_NE_C038|M2_NE_C039|M2_NE_C046|M2_NE_C047|M2_NE_C052|M2_NE_C053|M2_NE_C054,H1_POLY_C001|M3_POLY_C001,core,77,medium_observed_challenge,M2_NE_PT190__M2NE150S06_Q144,M2_NE_PT190::M2_NE_150_SET06,existing_canonical_type_matched,0.98,verified_against_problem_answer_and_solution
M2_NE_150_S06_Q145,SRC_M2_NE_150_WORKSHEET_SET06_20260710,145,20,42,16d30b0d68f62fe78d0a49aa10beb7d8bae5c91aa846983e7e9aeea0c8149740,0728e98b7c970ce1f9e2fbd4d650aa48c1e4989482cd63a55eddf3e2a0c84849,식의 값,1,integer,M2_NE_PT191,M2_NE_PT190,M2_NE_C047|M2_NE_C052|M2_NE_C053|M2_NE_C055|M2_NE_C058,M1_EX_C010|M2_NE_C038|M2_NE_C039|M2_NE_C046|M2_NE_C047|M2_NE_C052|M2_NE_C053|M2_NE_C054,H1_POLY_C001|M3_POLY_C001,core,65,medium_observed_challenge,M2_NE_PT191__M2NE150S06_Q145,M2_NE_PT191::M2_NE_150_SET06,existing_canonical_type_matched,0.98,verified_against_problem_answer_and_solution
M2_NE_150_S06_Q146,SRC_M2_NE_150_WORKSHEET_SET06_20260710,146,20,42,4ccfd03b044d86d48e1bbda4ad283c2409270d881458f3d2b7ff40c96d9b98ff,e87338d5c6f442a64f0759563d633520d84cf08dff23759e446410e72c60382e,식의 값,choice:3,single_choice,M2_NE_PT191,M2_NE_PT190,M2_NE_C047|M2_NE_C052|M2_NE_C053|M2_NE_C055|M2_NE_C058,M1_EX_C010|M2_NE_C038|M2_NE_C039|M2_NE_C046|M2_NE_C047|M2_NE_C052|M2_NE_C053|M2_NE_C054,H1_POLY_C001|M3_POLY_C001,core,76,medium_observed_challenge,M2_NE_PT191__M2NE150S06_Q146,M2_NE_PT191::M2_NE_150_SET06,existing_canonical_type_matched,0.98,verified_against_problem_answer_and_solution
M2_NE_150_S06_Q147,SRC_M2_NE_150_WORKSHEET_SET06_20260710,147,21,42,bdbcaa792139d2ec2e81f2f359460bcf952c28302bac7496676ad53317297681,43106bf360087be33c2339fa99fbafe6308040448dc464360002a44275dcd8d3,식의 대입,choice:4,single_choice,M2_NE_PT193,M2_NE_PT192,M2_NE_C058|M2_NE_C059,M2_NE_C047|M2_NE_C052|M2_NE_C053|M2_NE_C058|M1_EX_C005,,core,80,low_observed_challenge,M2_NE_PT193__M2NE150S06_Q147,M2_NE_PT193::M2_NE_150_SET06,existing_canonical_type_matched,0.98,verified_against_problem_answer_and_solution
M2_NE_150_S06_Q148,SRC_M2_NE_150_WORKSHEET_SET06_20260710,148,21,42,5596abdc8637a4f0d4840164444b6d677f68576c08bf564a44c9f707336bbc46,43106bf360087be33c2339fa99fbafe6308040448dc464360002a44275dcd8d3,식의 대입,choice:5,single_choice,M2_NE_PT193,M2_NE_PT192,M2_NE_C058|M2_NE_C059,M2_NE_C047|M2_NE_C052|M2_NE_C053|M2_NE_C058|M1_EX_C005,,core,86,low_observed_challenge,M2_NE_PT193__M2NE150S06_Q148,M2_NE_PT193::M2_NE_150_SET06,existing_canonical_type_matched,0.98,verified_against_problem_answer_and_solution
M2_NE_150_S06_Q149,SRC_M2_NE_150_WORKSHEET_SET06_20260710,149,21,42,c34cd168d37ce1fdccf6cff8225042d22b7bc1fb31ac2d6e3ff7454b2cf2ce2b,2780bae11b7e84a84d68502a287524a7e4cf7a974c7d5836f75387c3fbc7415b,식의 대입,choice:3,single_choice,M2_NE_PT194,M2_NE_PT193,M2_NE_C058|M2_NE_C059,M2_NE_C047|M2_NE_C052|M2_NE_C053|M2_NE_C058|M1_EX_C005,,core,86,low_observed_challenge,M2_NE_PT194__M2NE150S06_Q149,M2_NE_PT194::M2_NE_150_SET06,existing_canonical_type_matched,0.98,verified_against_problem_answer_and_solution
M2_NE_150_S06_Q150,SRC_M2_NE_150_WORKSHEET_SET06_20260710,150,21,42,0ac48b5f02285b859599e8046e6804f6be894377f5f43abdacfd2cba958252ad,2780bae11b7e84a84d68502a287524a7e4cf7a974c7d5836f75387c3fbc7415b,식의 대입,choice:3,single_choice,M2_NE_PT194,M2_NE_PT193,M2_NE_C058|M2_NE_C059,M2_NE_C047|M2_NE_C052|M2_NE_C053|M2_NE_C058|M1_EX_C005,,core,73,medium_observed_challenge,M2_NE_PT194__M2NE150S06_Q150,M2_NE_PT194::M2_NE_150_SET06,existing_canonical_type_matched,0.98,verified_against_problem_answer_and_solution
