management_no,volume,pdf_book_no,source_pdf,title,author,publisher,existing_book_id,existing_source_id,stage1_decision,keywords,related_subjects,related_majors,summary_or_notes,mini_use_note,source_zip
1,1,01,1-4.pdf,1984,조지 오웰,민음사,book_1984,booksrc_0001,duplicate_existing_active_card,,공통국어 | 역사 | 도덕 | 수학 | 과학 | 기술·가정 | 정보 | 통합사회 | 사회와 문화 | 현대사회와 윤리 | 정치와 법 | 윤리와 사상 | 사회문제 탐구,광고홍보학과 | 컴퓨터공학과 | 문헌정보학과 | 미디어커뮤니케이션학과 | 사회복지학과 | 사회학과 | 심리학과 | 언론정보학과 | 역사학과 | 철학과,"전체주의 사회와 감시 체제 속에서 개인의 자유, 진실, 언어, 사고가 어떻게 통제되는지를 보여주는 소설이다.",,book_pdf_1_4_stage1_result.zip
2,1,02,1-4.pdf,갈매기,안톤 체호프,더클래식,book_galmaegi,booksrc_0002,duplicate_existing_active_card,,공통국어 | 역사 | 도덕 | 통합사회 | 문학 | 사회와 문화 | 현대사회와 윤리 | 세계사 | 러시아어 | 연극 | 인문학과 윤리,국어국문학과 | 노어노문학과 | 러시아어문학과 | 문예창작학과 | 문화인류학과 | 문화콘텐츠학과 | 사회학과 | 심리학과 | 역사학과 | 연극영화학과 | 철학과,"현실과 이상, 예술가의 자아, 사랑과 인정 욕구가 충돌하는 인물들을 통해 인간의 욕망과 좌절을 보여주는 희곡이다.",,book_pdf_1_4_stage1_result.zip
3,1,03,1-4.pdf,객관성의 칼날,찰스 길리스피,새물결,book_003,booksrc_0003,duplicate_existing_active_card,,사회 | 역사 | 수학 | 과학 | 영어 | 진로와 직업 | 통합사회 | 통합과학 | 생활과 윤리 | 지구과학 | 화학 | 생명과학,과학교육과 | 물리학과 | 생명과학과 | 수학교육과 | 수학과 | 역사교육과 | 역사학과 | 영어교육학과,"과학 지식이 언제나 고정된 진리가 아니라 시대와 문화, 수학적 모델, 철학적 관점 속에서 형성되고 변화해 왔음을 보여주는 과학사 도서이다.",,book_pdf_1_4_stage1_result.zip
4,1,04,1-4.pdf,겐지 이야기,무라사키 시키부,한길사,book_004,booksrc_0004,duplicate_existing_active_card,,국어 | 사회 | 역사 | 도덕 | 음악 | 미술 | 생활 일본어 | 공통국어 | 문학 | 세계사 | 사회와 문화 | 일본어 | 동아시아 역사 기행 | 인문학과 윤리 | 사회문제 탐구,국어국문학과 | 문화인류학과 | 문헌정보학과 | 일어일문학과 | 철학과 | 사학과,"일본 헤이안 시대 귀족 사회를 배경으로 사랑, 권력, 미의식, 젠더 관계를 섬세하게 보여주는 고전 서사이다.",,book_pdf_1_4_stage1_result.zip
5,1,05,5-8.pdf,경영학 콘서트,장영재,비즈니스북스,book_gyeongyeonghak,booksrc_0005,기존 카드 보강 후보로 기록한다. 현재 단계에서 파일 교체는 하지 않는다.,,,,"마케팅, 가격, 보상 설계, 데이터 분석이 기업의 의사결정과 소비자의 선택에 어떤 영향을 주는지 설명하는 경영·데이터 융합 도서이다.",데이터 분석형 또는 사례 분석형 보고서의 경영 의사결정 근거 도서,book_pdf_5_8_stage1_result.zip
6,1,06,5-8.pdf,고리오 영감,오노레 드 발자크,민음사,book_006,booksrc_0006,기존 카드 보강 후보로 기록한다. 현재 단계에서 파일 교체는 하지 않는다.,,,,"프랑스 근대 사회를 배경으로 가족, 욕망, 신분 상승, 도덕성의 문제를 보여주는 문학 도서이다.",사회문제 분석형 또는 인물 심리 분석형 보고서의 사례 근거 도서,book_pdf_5_8_stage1_result.zip
7,1,07,5-8.pdf,고향,이기영,푸른사상,book_007,booksrc_0007,기존 카드 보강 후보로 기록한다. 현재 단계에서 파일 교체는 하지 않는다.,,,,"일제강점기 농민의 삶과 사회 구조를 통해 노동, 계급, 공동체, 저항의 문제를 탐구하게 하는 문학·사회 탐구 도서이다.",역사·사회 구조 분석형 보고서의 문학 사례 근거 도서,book_pdf_5_8_stage1_result.zip
8,1,08,5-8.pdf,공정하다는 착각,마이클 샌델,와이즈베리,book_008,booksrc_0008,기존 카드 보강 후보로 기록한다. 현재 단계에서 파일 교체는 하지 않는다.,,,,"능력주의와 공정성 개념을 비판적으로 검토하며 개인의 노력, 사회 구조, 불평등, 정의의 문제를 연결하는 사회·윤리 탐구 도서이다.",쟁점 분석형 또는 비교 분석형 보고서의 핵심 이론·관점 도서,book_pdf_5_8_stage1_result.zip
9,1,09,9-14.pdf,광장,최인훈,문학과지성사,book_009,booksrc_0009,duplicate_existing_active_card,,공통국어 | 도덕 | 역사 | 사회,국어국문학과 | 문예창작학과 | 정치외교학과 | 사회학과 | 심리학과 | 역사학과,"분단 현실과 이념 갈등 속에서 개인이 자유와 책임, 인간다운 삶의 의미를 어떻게 선택하는지 보여주는 소설이다.",,book_pdf_9_14_stage1_result.zip
10,1,10,9-14.pdf,국가,플라톤,현대지성,book_010,booksrc_0010,duplicate_existing_active_card,,사회 | 역사 | 도덕 | 기술·가정 | 진로와 직업,철학과 | 정치외교학과 | 행정학과 | 사회학과 | 교육학과 | 윤리교육과,"정의로운 국가와 이상적인 정치 체제를 통해 공동체, 교육, 계급, 통치자의 자격을 탐구하는 고전이다.",,book_pdf_9_14_stage1_result.zip
11,1,11,9-14.pdf,국화와 칼,루스 베네딕트,현대지성,book_011,booksrc_0011,duplicate_existing_active_card,,사회 | 국어 | 도덕 | 생활 일본어,문화인류학과 | 일본학과 | 국제학과 | 사회학과 | 심리학과 | 정치외교학과,"일본 문화의 양면성과 위계, 수치문화, 체면의 구조를 분석하며 타문화를 이해하는 관점을 제시하는 문화인류학 고전이다.",,book_pdf_9_14_stage1_result.zip
12,1,12,9-14.pdf,그리스 비극 걸작선,소포클레스 외,숲,book_012,booksrc_0012,duplicate_existing_active_card,,국어 | 역사 | 도덕 | 미술 | 음악 | 영어,고고미술사학과 | 문예창작학과 | 윤리학과 | 역사학과 | 연극영화학과 | 영어영문학과 | 철학과,"오이디푸스와 안티고네 등 그리스 비극을 통해 인간의 운명, 자유의지, 도덕적 선택, 정의와 법의 갈등을 탐구하게 하는 고전 작품집이다.",,book_pdf_9_14_stage1_result.zip
13,1,13,9-14.pdf,난장이가 쏘아올린 작은 공,조세희,이성과힘,book_013,booksrc_0013,duplicate_existing_active_card,,국어 | 사회 | 역사 | 도덕 | 환경,문예창작학과 | 사회학과 | 사회복지학과 | 도시공학과 | 행정학과 | 정치외교학과 | 언론정보학과,"1970년대 산업화와 도시 빈민의 삶을 통해 불평등, 주거권, 노동, 가족 해체 문제를 비판적으로 보여주는 연작소설이다.",,book_pdf_9_14_stage1_result.zip
14,1,14,9-14.pdf,누구나 한번쯤 읽어야 할 목민심서,미리내공방,청민미디어,book_014,booksrc_0014,duplicate_existing_active_card,,국어 | 사회 | 역사 | 도덕,행정학과 | 정치외교학과 | 윤리학과 | 사회학과 | 사회복지학과 | 교육학과 | 법학과,"정약용의 목민 정신을 바탕으로 공직자의 청렴, 애민, 리더십, 제도적 책임을 현대 행정 윤리와 연결해 읽을 수 있는 책이다.",,book_pdf_9_14_stage1_result.zip
15,1,15,15-20.pdf,닥터스 씽킹,제롬 그루프먼,해냄출판사,book_doctorsignal,booksrc_0015,duplicate_existing_active_card,,국어 | 사회 | 도덕 | 과학 | 보건,의학과 | 간호학과 | 심리학과 | 생명과학과 | 보건학과,"의사가 환자를 진단하고 치료하는 과정에서 발생할 수 있는 사고 오류와 인지 편향을 다루며, 의학적 판단에서 직관과 근거 기반 데이터가 어떻게 균형을 이루어야 하는지 생각하게 하는 책이다.",,book_pdf_15_20_stage1_result.zip
16,1,16,15-20.pdf,데미안,헤르만 헤세,민음사,book_demian,booksrc_0016,duplicate_existing_active_card,,국어 | 사회 | 역사 | 도덕 | 진로와 직업,심리학과 | 철학과 | 국어국문학과 | 문예창작학과 | 상담심리학과,"싱클레어의 성장 과정을 통해 선과 악의 이분법, 자아 탐색, 내면의 갈등과 통합을 다루는 성장소설이다.",,book_pdf_15_20_stage1_result.zip
17,1,17,15-20.pdf,돈으로 살 수 없는 것들,마이클 샌델,와이즈베리,book_017,booksrc_0017,duplicate_existing_active_card,,국어 | 사회 | 도덕 | 진로와 직업,경제학과 | 경영학과 | 정치외교학과 | 사회학과 | 행정학과 | 윤리교육과,"시장의 논리가 삶의 여러 영역으로 확장될 때, 돈으로 사고팔 수 없는 가치와 공공선이 어떻게 훼손될 수 있는지 질문하는 책이다.",,book_pdf_15_20_stage1_result.zip
18,1,18,15-20.pdf,동방견문록,마르코 폴로,동서문화사,book_018,booksrc_0018,duplicate_existing_active_card,,국어 | 사회 | 역사 | 도덕,고고미술사학과 | 문화인류학과 | 역사학과 | 국제학과 | 무역학과 | 지리학과,"13세기 유럽인이 아시아를 바라본 기록을 통해 동서 문명 교류, 여행과 무역, 타문화 인식과 문화적 오해를 함께 살펴볼 수 있는 책이다.",,book_pdf_15_20_stage1_result.zip
19,1,19,15-20.pdf,루쉰 소설전집,루쉰,을유문화사,,,new_candidate_not_found_in_current_210_or_active_card,,국어 | 사회 | 역사 | 도덕 | 한문,중어중문학과 | 국어국문학과 | 문예창작학과 | 사회학과 | 역사학과 | 문화인류학과,"근대 중국 사회의 모순과 인간의 무기력, 봉건적 구습, 지식인의 자기비판을 소설로 드러내며 사회 변화를 위한 문학의 역할을 생각하게 하는 작품집이다.",,book_pdf_15_20_stage1_result.zip
20,1,20,15-20.pdf,마음,나쓰메 소세키,현암사,book_020,booksrc_0020,duplicate_existing_active_card,,국어 | 사회 | 역사 | 도덕 | 상담심리학,국어국문학과 | 일본학과 | 문예창작학과 | 심리학과 | 상담심리학과,"나와 선생님의 관계를 통해 근대 전환기 개인의 고독, 죄책감, 양심, 인간관계의 불안을 다루는 일본 근대문학 작품이다.",,book_pdf_15_20_stage1_result.zip
21,1,21,21-25.pdf,맹자,맹자,휴머니스트,book_021,booksrc_0021,duplicate_existing_active_card,,국어 | 사회 | 역사 | 도덕 | 한문,정치외교학과 | 법학과 | 행정학과 | 사회학과 | 철학과 | 역사학과 | 사회복지학과,"인간 본성의 선함과 민본정치, 왕도정치, 혁명론을 통해 통치자의 책임과 백성의 삶을 함께 생각하게 하는 고전이다. 오늘날 인권, 민주주의, 국제 분쟁과 연결해 탐구하기 좋다.",고전 정치사상을 현대 사회 문제 분석의 기준으로 제공하는 근거 도서,book_pdf_21_25_stage1_result.zip
22,1,22,21-25.pdf,무정,이광수,민음사,book_022,booksrc_0022,duplicate_existing_active_card,,국어 | 사회 | 역사 | 도덕 | 한문,국어국문학과 | 문예창작학과 | 역사학과 | 사회학과 | 정치외교학과 | 교육학과,"일제강점기 초기의 근대화, 신교육, 자유연애, 민족개조론을 다룬 한국 근대소설이다. 개인의 사랑과 사회적 계몽, 근대적 가치가 충돌하는 지점을 분석하기 좋다.",한국 근대문학을 통해 개인의 가치관 변화와 사회 구조 변화를 분석하는 근거 도서,book_pdf_21_25_stage1_result.zip
23,1,23,21-25.pdf,문학과 예술의 사회사,아르놀트 하우저,창비,book_023,booksrc_0023,duplicate_existing_active_card,,국어 | 사회 | 역사 | 도덕 | 음악 | 미술,미술사학과 | 국어국문학과 | 문예창작학과 | 문화콘텐츠학과 | 사회학과 | 역사학과 | 예술학과,"문학과 예술을 개인의 창작물로만 보지 않고, 사회 구조와 경제적 맥락 속에서 해석하는 책이다. 예술의 양식 변화, 예술가의 지위, 대중문화와 창작의 관계를 탐구하기 좋다.",예술을 사회 구조와 시대 변화 속에서 해석하는 이론적 근거 도서,book_pdf_21_25_stage1_result.zip
24,1,24,21-25.pdf,미디어의 이해,마셜 맥루언,민음사,book_024,booksrc_0024,duplicate_existing_active_card,,국어 | 사회 | 기술·가정 | 정보,미디어커뮤니케이션학과 | 언론정보학과 | 문화콘텐츠학과 | 정보사회학과 | 심리학과 | 컴퓨터공학과,"미디어를 단순한 정보 전달 도구가 아니라 인간의 감각과 사회 구조를 바꾸는 환경으로 이해하게 하는 책이다. '미디어는 메시지다'라는 관점을 AI, 플랫폼, 디지털 미디어 문제와 연결할 수 있다.",현대 미디어 환경과 인공지능 플랫폼 문제를 해석하는 이론적 근거 도서,book_pdf_21_25_stage1_result.zip
25,1,25,21-25.pdf,반지성주의,강준만,인물과사상사,book_025,booksrc_0025,duplicate_existing_active_card,,국어 | 사회 | 역사 | 도덕 | 정보,정치외교학과 | 사회학과 | 언론정보학과 | 심리학과 | 법학과 | 행정학과,"지식과 전문가에 대한 불신, 가짜뉴스, 음모론, 정치적 양극화가 민주주의의 합리적 판단을 어떻게 흔드는지 분석하는 책이다. 미디어 플랫폼과 시민의 의사결정 문제로 확장하기 좋다.",미디어 환경과 민주주의 의사결정 문제를 연결하는 사회 쟁점 근거 도서,book_pdf_21_25_stage1_result.zip
26,1,26,26-31.pdf,백범일지,김구,매일경제신문사,book_026,booksrc_0026,duplicate_existing_active_card,,국어 | 사회 | 역사 | 도덕,교육학과 | 국어국문학과 | 사학과 | 사회교육과 | 윤리교육과 | 정치외교학과 | 행정학과 | 사회학과,"김구의 독립운동과 삶을 통해 청년 세대의 사회참여, 문화국가 이상, 국가 정체성, 공동체적 책임을 연결해 탐구할 수 있는 자서전이다.",,book_pdf_26_31_stage1_result.zip
27,1,27,26-31.pdf,변신,프란츠 카프카,서울,book_027,booksrc_0027,duplicate_existing_active_card,,국어 | 사회 | 도덕 | 역사 | 진로와 직업 | 한문 | 미술 | 영어,국어국문학과 | 독어독문학과 | 사회학과 | 철학과 | 심리학과 | 사회복지학과,"그레고르의 변신과 가족의 반응을 통해 인간의 가치가 생산성, 역할, 유용성으로 평가되는 사회 문제를 탐구하게 하는 문학 작품이다.",,book_pdf_26_31_stage1_result.zip
28,1,28,26-31.pdf,부분과 전체,베르너 하이젠베르크,서커스출판상회,book_028,booksrc_0028,duplicate_existing_active_card,,과학 | 도덕 | 사회 | 진로와 직업 | 역사 | 수학,물리학과 | 철학과 | 과학교육과 | 수학교육과 | 컴퓨터공학과 | 공학계열,"양자역학 형성 과정과 과학자의 대화를 통해 과학적 발견이 자연관, 윤리, 철학적 사고와 어떻게 연결되는지 보여 주는 과학 고전이다.",,book_pdf_26_31_stage1_result.zip
29,1,29,26-31.pdf,빌러비드,토니 모리슨,문학동네,book_029,booksrc_0029,duplicate_existing_active_card,,국어 | 사회 | 역사 | 도덕 | 영어 | 진로와 직업 | 미술 | 음악,국어국문학과 | 영어영문학과 | 사회학과 | 심리학과 | 역사학과 | 인문학계열,"노예제의 폭력과 기억, 트라우마, 공동체의 역할을 통해 개인의 상처가 사회적 역사와 어떻게 연결되는지 탐구하게 하는 문학 작품이다.",,book_pdf_26_31_stage1_result.zip
30,1,30,26-31.pdf,"사람아, 아 사람아!",다이허우잉,다섯수레,book_030,booksrc_0030,duplicate_existing_active_card,,국어 | 도덕 | 역사 | 사회 | 진로와 직업 | 한문 | 문학 | 미술,중국어중문학과 | 사회학과 | 정치외교학과 | 윤리학과 | 철학과 | 인문학계열,"문화대혁명이라는 시대적 격변 속에서 개인의 신념, 양심, 지식인의 책임, 공동체 규범의 충돌을 탐구할 수 있는 작품이다.",,book_pdf_26_31_stage1_result.zip
31,1,31,26-31.pdf,삼국유사,일연,아르테,,,new_book_candidate_pending_review,,국어 | 사회 | 도덕 | 역사 | 한문 | 진로와 직업 | 미술 | 기술·가정 | 음악,국어국문학과 | 사학과 | 한국사학과 | 문화재학과 | 문화콘텐츠학과 | 인문학계열,"고대 한국의 역사와 설화, 신화가 함께 담긴 고전으로, 신화와 역사 해석의 경계, 문화정체성, 역사교육 자료의 의미를 탐구하기 좋다.",,book_pdf_26_31_stage1_result.zip
32,1,32,32-36.pdf,서유견문,유길준,박이정출판사,book_032,booksrc_0032,duplicate_existing_active_card,,국어 | 사회 | 역사 | 도덕 | 진로와 직업 | 한문 | 기술·가정 | 음악 | 미술,국어국문학과 | 사학과 | 사회학과 | 정치외교학과 | 행정학과 | 문화인류학과 | 국제학과,"개화기 지식인이 서구 문명과 근대 제도를 어떻게 받아들이고 번역했는지를 통해 지식 수용, 문화 변동, 근대 국가 인식, 선택적 수용의 의미를 탐구할 수 있는 고전이다.",,book_pdf_32_36_stage1_result.zip
33,1,33,32-36.pdf,성의 역사 1,미셸 푸코,나남,book_033,booksrc_0033,duplicate_existing_active_card,,국어 | 사회 | 역사 | 도덕 | 한문 | 진로와 직업 | 기술·가정 | 음악 | 미술,사회학과 | 심리학과 | 철학과 | 정치외교학과 | 문화인류학과 | 미디어커뮤니케이션학과,"성 담론이 개인의 사적인 문제가 아니라 근대 권력, 규범, 지식 체계와 연결되어 형성된다는 관점을 통해 개인의 자유와 사회적 통제의 관계를 탐구할 수 있는 인문사회 고전이다.",,book_pdf_32_36_stage1_result.zip
34,1,34,32-36.pdf,성호사설,이익,동서문화사,book_034,booksrc_0034,duplicate_existing_active_card,,국어 | 사회 | 역사 | 도덕 | 과학 | 한문 | 진로와 직업 | 기술·가정 | 미술,국어국문학과 | 사학과 | 사회학과 | 행정학과 | 철학과 | 경제학과 | 정치외교학과,"조선 후기 실학자의 지식관과 사회 비판을 통해 실용적 지식, 제도 개혁, 지역사회 문제 해결, 지식인의 사회적 책임을 탐구할 수 있는 고전이다.",,book_pdf_32_36_stage1_result.zip
35,1,35,32-36.pdf,수호전,시내암,글항아리,book_035,booksrc_0035,duplicate_existing_active_card,,국어 | 사회 | 도덕 | 역사 | 한문 | 진로와 직업 | 기술·가정 | 미술 | 음악,국어국문학과 | 사학과 | 사회학과 | 법학과 | 정치외교학과 | 행정학과 | 중어중문학과,"영웅 집단의 형성과 해체, 의리와 정의, 공동체 질서를 둘러싼 갈등을 통해 집단행동, 정의의 실현, 폭력의 정당성 문제를 토론형 탐구로 확장할 수 있는 고전 소설이다.",,book_pdf_32_36_stage1_result.zip
36,1,36,32-36.pdf,슬픈 열대,클로드 레비스트로스,한길사,book_036,booksrc_0036,duplicate_existing_active_card,,국어 | 사회 | 역사 | 도덕 | 과학 | 미술 | 영어 | 기술·가정 | 환경,문화인류학과 | 사회학과 | 사학과 | 철학과 | 국제학과 | 환경학과 | 지리학과,"인류학자의 현장 경험을 바탕으로 문명과 야만의 이분법을 비판하고, 문화 상대주의와 문화 다양성, 인권, 사회통합의 문제를 탐구할 수 있는 인문사회 고전이다.",,book_pdf_32_36_stage1_result.zip
37,1,37,37-42.pdf,시학,아리스토텔레스,길,book_037,booksrc_0037,기존 active 카드 보강 후보,,국어 | 사회 | 역사 | 도덕 | 음악 | 미술 | 한문 | 진로와 직업,국어국문학과 | 독어독문학과 | 문예창작학과 | 문화콘텐츠학과 | 미디어커뮤니케이션학과 | 미학과 | 심리학과 | 언어학과 | 영어영문학과,"고대 그리스의 문학 이론을 통해 비극과 서사시의 구조, 플롯, 인물, 감정 몰입의 원리를 살피며 오늘날 예술·문학·콘텐츠 분석 기준까지 확장할 수 있는 고전이다.",,book_pdf_37_42_stage1_result.zip
38,1,38,37-42.pdf,신약의 탄생,윤태진,바다출판사,book_038,booksrc_0038,기존 active 카드 보강 후보,,국어 | 사회 | 도덕 | 수학 | 과학 | 기술·가정 | 영어 | 보건 | 진로와 직업,간호학과 | 약학과 | 생명공학과 | 생명과학과 | 의학과 | 임상병리학과 | 화학과 | 화학공학과 | 제약공학과 | 종교학과,"CAR-T, 프로탁, ADC, RNA 치료제 등 차세대 신약 개발 기술을 통해 질병 치료 방식의 변화와 인공지능·바이오기술·임상시험의 사회적 의미를 탐구할 수 있는 과학·보건 융합 도서다.",,book_pdf_37_42_stage1_result.zip
39,1,39,37-42.pdf,실낙원,존 밀턴,더북스,book_039,booksrc_0039,기존 active 카드 보강 후보,,국어 | 도덕 | 미술 | 사회 | 역사 | 영어,영어영문학과 | 철학과 | 종교학과 | 미디어학과 | 인문학과 | 문예창작학과 | 심리학과 | 사회학과,"타락한 천사와 인간의 이야기를 통해 자유의지, 선과 악, 복종과 저항, 인간의 본질을 탐구하는 서사시로, 윤리·철학·종교·문학 분석에 활용할 수 있다.",,book_pdf_37_42_stage1_result.zip
40,1,40,37-42.pdf,아라비안 나이트,리처드 F. 버턴,시대의창,book_040,booksrc_0040,기존 active 카드 보강 후보,,국어 | 도덕 | 미술 | 사회 | 역사 | 음악 | 정보,중동학과 | 국어국문학과 | 문예창작학과 | 문화콘텐츠학과 | 미디어커뮤니케이션학과 | 사학과 | 인문학과,"셰에라자드의 이야기 전략을 통해 이야기의 힘, 생존, 저항, 지혜, 환상과 현실의 관계를 탐구하고 문학·문화콘텐츠·서사 전략으로 확장할 수 있는 고전이다.",,book_pdf_37_42_stage1_result.zip
41,1,41,37-42.pdf,아함경,작자 미상,담마아카데미,book_041,booksrc_0041,기존 active 카드 보강 후보,,국어 | 기술·가정 | 도덕 | 사회 | 역사 | 진로와 직업 | 윤리,불교학과 | 철학과 | 한문학과 | 윤리교육과 | 심리학과 | 사회복지학과 | 정치외교학과,"무아와 연기 사상을 중심으로 인간의 고통, 자아, 집착, 관계의 문제를 탐구하며 현대 사회의 자아정체성·심리·윤리 문제와 연결할 수 있는 불교 경전이다.",,book_pdf_37_42_stage1_result.zip
42,1,42,37-42.pdf,앵무새 죽이기,하퍼 리,미메시스,book_042,booksrc_0042,기존 active 카드 보강 후보,,국어 | 도덕 | 사회 | 역사,법학과 | 사회학과 | 영어영문학과 | 인류학과 | 정치외교학과 | 윤리교육과 | 역사학과,"1930년대 미국 남부의 인종차별 사회를 배경으로 편견, 정의, 용기, 성장의 문제를 다루며 법과 사회, 차별, 공동체 윤리를 분석할 수 있는 소설이다.",,book_pdf_37_42_stage1_result.zip
43,1,43,43-48.pdf,어둠의 속,조셉 콘래드,문예출판사,book_043,booksrc_0043,기존 카드 보강 후보 / 제목 alias 보정 필요,고립 | 윤리 | 인간 내면의 어둠 | 제국주의 | 타자화 | 탐욕,국어 | 도덕 | 사회 | 영어 | 역사,국어국문학과 | 문예창작학과 | 영어영문학과 | 사회학과 | 정치외교학과 | 국제학과,"제국주의 시대 아프리카를 배경으로 인간 내면의 어둠, 문명화 담론의 폭력성, 타자화의 시선을 비판적으로 살피는 고전이다.",,book_pdf_43_48_stage1_result.zip
44,1,44,43-48.pdf,역사,헤로도토스,숲,book_044,booksrc_0044,기존 카드 보강 후보,고대기반 서사 | 권력 | 민주주의 | 역설 | 이야기식 역사 | 인간,국어 | 도덕 | 사회 | 역사,사학과 | 철학과 | 정치외교학과 | 사회학과 | 문화인류학과 | 국제학과,"그리스와 페르시아 전쟁을 중심으로 다양한 민족과 사건을 서술하며 역사 서술의 방식, 사실과 이야기의 관계를 생각하게 하는 고전이다.",,book_pdf_43_48_stage1_result.zip
45,1,45,43-48.pdf,역사와 계급의식,게오르그 루카치,지식을만드는지식,book_045,booksrc_0045,기존 카드 보강 후보,계급의식 | 변증법 | 사물화 | 소외 | 자본주의 | 총체성,도덕 | 사회 | 역사,사회학과 | 정치외교학과 | 철학과 | 경제학과 | 사회복지학과,"자본주의 사회에서 계급의식과 물화 현상을 분석하며 인간 소외, 사회 구조, 역사 변화의 조건을 탐구하게 하는 사회철학 고전이다.",,book_pdf_43_48_stage1_result.zip
46,1,46,43-48.pdf,영국 노동계급의 형성,E.P. 톰슨,창작과비평,book_046,booksrc_0046,기존 카드 보강 후보,경험 | 계급의식 | 노동계급 | 문화와 언어 | 산업혁명 | 역사적 주체성,도덕 | 사회 | 역사,사학과 | 사회학과 | 정치외교학과 | 경제학과 | 사회복지학과,산업혁명기 영국의 노동자들이 하나의 계급으로 형성되는 과정을 사회·경제·문화의 변화 속에서 분석한 역사사회학 고전이다.,,book_pdf_43_48_stage1_result.zip
47,1,47,43-48.pdf,오리엔탈리즘,에드워드 사이드,교보문고,book_047,booksrc_0047,기존 카드 보강 후보,권력과 지식 | 담론 | 문화적 식민주의 | 재현의 정치성 | 타자화,국어 | 도덕 | 사회 | 역사,사회학과 | 정치외교학과 | 국제학과 | 문화인류학과 | 미디어커뮤니케이션학과 | 영어영문학과,서구가 동양을 재현하고 지배하는 담론 구조를 비판하며 문화적 타자화와 지식 권력의 문제를 탐구하게 하는 대표 저작이다.,,book_pdf_43_48_stage1_result.zip
48,1,48,43-48.pdf,왜 세계의 절반은 굶주리는가,장 지글러,갈라파고스,book_048,booksrc_0048,기존 카드 보강 후보,구조적 폭력 | 국제기구 | 다국적 기업 | 분배 문제 | 식량 불평등 | 식량 주권,도덕 | 사회 | 역사 | 지리 | 경제,경제학과 | 국제학과 | 정치외교학과 | 사회복지학과 | 식품공학과,세계 식량은 충분하지만 굶주림이 지속되는 구조적 원인을 정치·경제·국제기구·다국적 기업의 관점에서 분석하는 사회문제 탐구 도서이다.,,book_pdf_43_48_stage1_result.zip
49,1,49,49-54.pdf,우리 시대의 영웅,미하일 레르몬토프,작가와비평,book_049,booksrc_0049,기존 카드 보강 후보,고독 | 권태 | 염세주의 | 잉여인간 | 자유의지 | 허무,국어 | 도덕 | 사회 | 역사,국어국문학과 | 문예창작학과 | 러시아어학과 | 사회학과 | 심리학과 | 철학과,"19세기 러시아 문학을 통해 자기 파괴적 삶, 자유의지, 사회적 책임, 시대적 허무를 탐구할 수 있는 고전이다.",,book_pdf_49_54_stage1_result.zip
50,1,50,49-54.pdf,위대하고 위험한 약 이야기,정진호,푸른숲,book_050,booksrc_0050,기존 카드 보강 후보,공중보건 | 독성 | 약의 양면성 | 윤리적 딜레마 | 인류의 딜레마 | 질병,과학 | 도덕 | 사회 | 보건 | 화학,의예과 | 약학과 | 간호학과 | 생명공학과 | 화학과 | 보건행정학과 | 수의예과,"의약품의 개발, 효과, 부작용, 오남용, 규제와 윤리 문제를 함께 다룰 수 있는 과학·보건 융합 도서다.",,book_pdf_49_54_stage1_result.zip
51,1,51,49-54.pdf,의무론,키케로,현대지성,book_051,booksrc_0051,기존 카드 보강 후보,공동선 | 덕 | 도덕적 선 | 의무 | 자유권 | 정의,국어 | 도덕 | 사회 | 역사,철학과 | 윤리교육과 | 정치외교학과 | 사회학과 | 법학과 | 행정학과,"개인의 이익, 공동체의 공익, 자유권, 도덕적 의무의 균형을 고전 윤리 관점에서 탐구할 수 있는 책이다.",,book_pdf_49_54_stage1_result.zip
52,1,52,49-54.pdf,의사와 수의사가 만나다,캐스린 바워스 외,모멘토,book_052,booksrc_0052,기존 카드 보강 후보,공중보건 | 생명윤리 | 수의학 | 원헬스 | 주비퀴티 | 학제 간 협력,국어 | 사회 | 도덕 | 과학 | 생명 | 보건,의예과 | 수의예과 | 간호학과 | 생명과학과 | 보건학과 | 생명공학과,"인간, 동물, 생태계의 건강이 서로 연결되어 있다는 원헬스 관점에서 생명윤리와 공중보건을 탐구할 수 있는 책이다.",,book_pdf_49_54_stage1_result.zip
53,1,53,49-54.pdf,이기적 유전자,리처드 도킨스,을유문화사,book_053,booksrc_0053,기존 카드 보강 후보,밈 | 유전자 | 유전자 중심 진화론 | 이타적 행동 | 진화 | 포괄적 적응도,국어 | 사회 | 도덕 | 과학 | 생명 | 진로와 직업,생명과학과 | 생명공학과 | 심리학과 | 윤리학과 | 사회학과 | 철학과,"유전자의 관점에서 생명체의 행동과 진화를 해석하며, 이타적 행동과 도덕성의 근거를 과학·윤리적으로 탐구할 수 있는 책이다.",,book_pdf_49_54_stage1_result.zip
54,1,54,49-54.pdf,이상한 정상가족,김희경,동아시아,book_054,booksrc_0054,기존 카드 보강 후보 / 제목 오류 보정 필요,가족 다양성 | 돌봄 책임 전가 | 사회보장 | 아동권리 | 정상 가족 | 제도적 배제,국어 | 사회 | 도덕 | 기술·가정 | 보건 | 진로와 직업,사회학과 | 아동학과 | 사회복지학과 | 가족상담학과 | 교육학과 | 법학과 | 보건학과,"정상가족이라는 사회적 기준이 어떻게 만들어지고, 국가와 제도가 가족·아동·돌봄을 어떻게 바라보는지 비판적으로 탐구할 수 있는 책이다.",,book_pdf_49_54_stage1_result.zip
55,1,55,55-60.pdf,인간문제,,,book_055,booksrc_0055,기존 카드 보강 후보 / 제목 alias 보정 필요,,,,,,book_pdf_55_60_stage1_result.zip
56,1,56,55-60.pdf,인물로 읽는 장자,,,book_056,booksrc_0056,기존 카드 보강 후보 / 저자 표기 확인 필요,,,,,,book_pdf_55_60_stage1_result.zip
57,1,57,55-60.pdf,잃어버린 시간을 찾아서,,,book_057,booksrc_0057,기존 카드 보강 후보,,,,,,book_pdf_55_60_stage1_result.zip
58,1,58,55-60.pdf,자유론,,,book_058,booksrc_0058,기존 카드 보강 후보,,,,,,book_pdf_55_60_stage1_result.zip
59,1,59,55-60.pdf,젊은 예술가의 초상,,,book_059,booksrc_0059,기존 카드 보강 후보,,,,,,book_pdf_55_60_stage1_result.zip
60,1,60,55-60.pdf,정신현상학,,,book_060,booksrc_0060,기존 카드 보강 후보,,,,,,book_pdf_55_60_stage1_result.zip
61,1,61,61-65.pdf,정지용전집,정지용,,,,,,,,,,book_pdf_61_65_stage1_result.zip
62,1,62,61-65.pdf,제국의 시대,에릭 홉스봄,,,,,,,,,,book_pdf_61_65_stage1_result.zip
63,1,63,61-65.pdf,종의 기원,찰스 다윈,,,,,,,,,,book_pdf_61_65_stage1_result.zip
64,1,64,61-65.pdf,죽은 시인의 사회,N.H. 클라인바움,,,,,,,,,,book_pdf_61_65_stage1_result.zip
65,1,65,61-65.pdf,짜라투스트라는 이렇게 말했다,프리드리히 니체,,,,,,,,,,book_pdf_61_65_stage1_result.zip
66,1,66,66-70.pdf,천변풍경,박태원,,,,,,,,,,book_pdf_66_70_stage1_result.zip
67,1,67,66-70.pdf,치과의사가 말하는 치과의사,안유석 외,,,,,,,,,,book_pdf_66_70_stage1_result.zip
68,1,68,66-70.pdf,카라마조프 가의 형제들,표도르 도스토옙스키,,,,,,,,,,book_pdf_66_70_stage1_result.zip
69,1,69,66-70.pdf,카오스,제임스 글릭,,,,,,,,,,book_pdf_66_70_stage1_result.zip
70,1,70,66-70.pdf,코스모스,칼 세이건,,,,,,,,,,book_pdf_66_70_stage1_result.zip
71,2,01,1-5.pdf,20세기 수학의 다섯가지 황금률,존 L. 캐스티 / 경문사 / 1999,,,,new_candidate_pending_exact_duplicate_check,공정한 판단 | 수학과 철학의 만남 | 수학적 사고력 | 수학적 알고리즘 | 창의적 문제해결,수학 | 과학 | 정보 | 미적분 | 확률과 통계 | 기하,수학과 | 통계학과 | 컴퓨터공학과 | 인공지능학과 | 데이터사이언스학과 | 수학교육과,"수학의 대표적 흐름을 통해 수학이 단순 계산 도구가 아니라 인간 이해, 판단, 알고리즘적 사고와 연결되는 학문임을 보여주는 도서.","수학 원리와 사회적 판단, 알고리즘의 공정성 문제를 연결하는 보고서의 이론적 배경으로 활용 가능.",book2_pdf_71_75_stage1_result.zip
72,2,02,1-5.pdf,감시와 처벌,미셸 푸코 / 나남 / 2020,,,,new_candidate_pending_exact_duplicate_check,감시 | 권력과 자유 | 규율 시스템 | 규율권력 | 자동화된 감시,사회 | 국어 | 과학 | 정보 | 도덕,사회학과 | 정치외교학과 | 미디어커뮤니케이션학과 | 정보보호학과 | 법학과 | 심리학과,근대 사회의 감시와 규율 시스템이 개인의 자유와 주체성에 미치는 영향을 분석하는 고전.,"디지털 감시, CCTV, 알고리즘 감시, 플랫폼 사회의 규율 문제를 다루는 보고서의 비판적 관점 보강 자료로 활용 가능.",book2_pdf_71_75_stage1_result.zip
73,2,03,1-5.pdf,건건록,무츠 무네미쓰 / 논형 / 2021,,,,new_candidate_pending_exact_duplicate_check,동아시아 국제관계 | 외교 | 외교의 명분과 실질 | 제국주의 | 주권,국어 | 사회 | 역사 | 도덕,정치외교학과 | 국제학과 | 역사학과 | 일본학과 | 동아시아학과,"근대 동아시아 외교와 전쟁, 국가 이익의 논리가 어떻게 작동했는지를 보여주는 역사·외교 자료.","국가 이익, 외교, 주권, 국제관계의 명분과 실제를 비교 분석하는 보고서의 사례 자료로 활용 가능.",book2_pdf_71_75_stage1_result.zip
74,2,04,1-5.pdf,계몽의 변증법,테오도르 아도르노 외 / 문예출판사 / 2001,,,,new_candidate_pending_exact_duplicate_check,계몽 | 도구적 이성 | 문화산업 | 사회 진보 | 합리성,국어 | 사회 | 역사 | 도덕 | 철학,철학과 | 사회학과 | 문화콘텐츠학과 | 미디어커뮤니케이션학과 | 정치외교학과,계몽과 합리성이 인간 해방의 원리가 되면서도 동시에 도구적 이성으로 변질될 수 있음을 비판적으로 분석하는 책.,기술·합리성·사회 진보의 양면성을 다루는 비판적 분석형 보고서의 관점 보강 자료로 활용 가능.,book2_pdf_71_75_stage1_result.zip
75,2,05,1-5.pdf,고백록,"아우구스티누스 / 현대지성 / 2023, 세부 저자·역자 표기 확인 필요",,,,new_candidate_pending_exact_duplicate_check,사랑 | 연대 | 자유의지 | 정체성 | 존엄 | 참회의 선택,국어 | 사회 | 역사 | 도덕 | 철학,철학과 | 윤리교육과 | 신학과 | 심리학과 | 문예창작학과 | 인문학부,"자기 성찰과 고백을 통해 자유의지, 선택, 죄의식, 정체성 형성 문제를 탐구하는 고전.","자유의지와 삶의 선택, 자기 성찰, 정체성 형성을 다루는 보고서의 인문학적 근거 자료로 활용 가능.",book2_pdf_71_75_stage1_result.zip
76,2,06,6-10.pdf,공공선택론,김성준,박영사,,,,공공선택론 | 공익 | 이해관계 | 정부실패 | 정책결정 | 정책실패,,,,,book2_pdf_76_80_stage1_result.zip
77,2,07,6-10.pdf,공학이란 무엇인가,성풍현 외,살림,,,,공학 | 공학윤리 | 공학적 설계 | 기술 책임 | 기술과 사회 | 문제해결,,,,,book2_pdf_76_80_stage1_result.zip
78,2,08,6-10.pdf,국가론,마르쿠스 툴리우스 키케로,부북스,,,,공동체 | 공화정 | 국가 | 시민 | 정의 | 합의,,,,,book2_pdf_76_80_stage1_result.zip
79,2,09,6-10.pdf,군주론,마키아벨리,돋을새김,,,,권력 | 리더십 | 마키아벨리즘 | 전략 | 정치전략 | 현실주의,,,,,book2_pdf_76_80_stage1_result.zip
80,2,10,6-10.pdf,꿈의 해석,지그문트 프로이트,돋을새김,,,,기억 | 꿈 | 무의식 | 상징 | 심리치료 | 자아정체성,,,,,book2_pdf_76_80_stage1_result.zip
81,2,11,11-15.pdf,넛지,리처드 탈러,리더스북,,,,넛지 | 선택 설계 | 소비자 선택 | 인지 편향 | 자유주의적 개입 | 정책 개입 | 행동경제학,,,,,book2_pdf_81_85_stage1_result.zip
82,2,12,11-15.pdf,니코마코스 윤리학,아리스토텔레스,풀빛,,,,공동선 | 규칙 | 덕 | 시민의식 | 자율성 | 중용 | 행복,,,,,book2_pdf_81_85_stage1_result.zip
83,2,13,11-15.pdf,데카메론,보카치오,살림,,,,데카메론 | 르네상스 | 사회비판 | 서사 | 인간본성 | 인문주의 | 흑사병,,,,,book2_pdf_81_85_stage1_result.zip
84,2,14,11-15.pdf,돈키호테,세르반테스,시공사,,,,기사도 정신 | 돈키호테 | 무모함과 용기 | 문학적 상상력 | 이상주의 | 풍자 | 현실과 충돌,,,,,book2_pdf_81_85_stage1_result.zip
85,2,15,11-15.pdf,디자인 인문학,최경원,허밍버드,,,,디자인 씽킹 | 디자인 인문학 | 문제 해결 | 사용자 경험 | 소비문화 | 윤리적 책임 | 혁신,,,,,book2_pdf_81_85_stage1_result.zip
86,2,16,16-20.pdf,리바이어던,토마스 홉스,나남,book_156,booksrc_0156,기존 카드 보강 후보,국가 권력 | 사회계약 | 인간관 | 자연권 | 절대적 가치관 | 정치철학,,정치외교학과 | 행정학과 | 법학과 | 사회학과 | 철학과,"자연 상태의 혼란을 벗어나기 위해 인간이 사회계약과 권위를 필요로 한다는 관점을 통해 국가 권력, 개인 권리, 공동체 질서의 관계를 탐구할 수 있는 고전이다.",,book2_pdf_86_90_stage1_result.zip
87,2,17,16-20.pdf,마의 산,토마스 만,을유문화사,book_157,booksrc_0157,기존 카드 보강 후보,고통 | 근대 문명 | 성장 | 인간 내면 | 정신성 | 질병,,문예창작학과 | 국어국문학과 | 심리학과 | 철학과 | 사회학과,"요양원이라는 공간을 배경으로 개인의 내면 성장과 질병, 고통, 근대 문명의 문제를 다루는 작품이다.",,book2_pdf_86_90_stage1_result.zip
88,2,18,16-20.pdf,멋진 신세계,올더스 헉슬리,문예출판사,book_158,booksrc_0158,기존 카드 보강 후보,생명윤리 | 소마 | 유전자 조작 | 자유 | 쾌락 | 통제사회,,생명공학과 | 사회학과 | 심리학과 | 철학과 | 정치외교학과 | 정보사회 관련 전공,과학기술과 사회 통제가 결합된 미래사회를 통해 안정과 행복이 인간의 자유보다 우선될 수 있는지 질문하게 하는 작품이다.,,book2_pdf_86_90_stage1_result.zip
89,2,19,16-20.pdf,문명의 충돌,새뮤얼 헌팅턴,김영사,book_159,booksrc_0159,기존 카드 보강 후보,국가 이해관계 | 국제관계 | 문명 충돌 | 문화 정체성 | 분쟁 | 세계질서,,국제학과 | 정치외교학과 | 사회학과 | 역사학과 | 문화인류학과,냉전 이후 국제 질서의 변화를 문명과 문화권의 충돌 관점에서 설명하는 책이다.,,book2_pdf_86_90_stage1_result.zip
90,2,20,16-20.pdf,물질문명과 자본주의,페르낭 브로델,까치글방,book_160,booksrc_0160,기존 카드 보강 후보,경제사 | 교역 | 물질문명 | 세계체제 | 자본주의 | 장기지속,,경제학과 | 역사학과 | 사회학과 | 국제학과 | 경영학과,경제와 사회 구조를 장기적인 역사 흐름 속에서 분석하는 책이다.,,book2_pdf_86_90_stage1_result.zip
91,2,21,21-25.pdf,미스터 나이팅게일,"문광기, 김영사, 2014",,book_161,booksrc_0161,기존 카드 보강 후보,간호 | 다양성 존중 | 돌봄 | 사회적 편견 | 소명 | 직업 선택,,,"간호 직업 선택과 사회적 편견, 개인의 자유와 직업적 소명 사이의 갈등을 분석하는 보고서 근거로 활용 가능","간호 직업 선택과 사회적 편견, 개인의 자유와 직업적 소명 사이의 갈등을 분석하는 보고서 근거로 활용 가능",book2_pdf_91_95_stage1_result.zip
92,2,22,21-25.pdf,방법서설,"르네 데카르트, 돋을새김, 2019",,book_162,booksrc_0162,기존 카드 보강 후보,방법 | 이성 | 주체 | 판단 기준 | 합리주의 | 회의,,,"과학적 사고, 이성적 판단, 근대적 주체 형성의 논리 구조를 분석하는 보고서 근거로 활용 가능","과학적 사고, 이성적 판단, 근대적 주체 형성의 논리 구조를 분석하는 보고서 근거로 활용 가능",book2_pdf_91_95_stage1_result.zip
93,2,23,21-25.pdf,백석 시 전집,"백석, 문예나무, 2012",,book_163,booksrc_0163,기존 카드 보강 후보,공동체 | 모더니즘 | 민족 정체성 | 시어 | 전통 | 향토성,,,"백석 시의 회화적 묘사와 향토성, 모더니즘 시의 표현 방식과 민족 정체성을 분석하는 보고서 근거로 활용 가능","백석 시의 회화적 묘사와 향토성, 모더니즘 시의 표현 방식과 민족 정체성을 분석하는 보고서 근거로 활용 가능",book2_pdf_91_95_stage1_result.zip
94,2,24,21-25.pdf,"분배냐, 인정이냐","낸시 프레이저, 사월의책, 2014",,book_164,booksrc_0164,기존 카드 보강 후보,다차원적 정의 | 분배 | 불평등 | 사회정책 | 인정 | 정의,,,"경제적 분배와 사회적 인정의 관계, 현대 사회 불평등 구조를 분석하는 보고서 근거로 활용 가능","경제적 분배와 사회적 인정의 관계, 현대 사회 불평등 구조를 분석하는 보고서 근거로 활용 가능",book2_pdf_91_95_stage1_result.zip
95,2,25,21-25.pdf,사기열전,"사마천, 민음사, 2020",,book_165,booksrc_0165,기존 카드 보강 후보,권력 | 도덕 | 선택 | 역사적 통찰 | 인간 군상 | 인간 본성,,,"역사 속 인물의 선택과 도덕적 신념, 인간 본성과 권력의 관계를 분석하는 보고서 근거로 활용 가능","역사 속 인물의 선택과 도덕적 신념, 인간 본성과 권력의 관계를 분석하는 보고서 근거로 활용 가능",book2_pdf_91_95_stage1_result.zip
96,2,26,26-30.pdf,사피엔스,유발 하라리,,book_166,booksrc_0166,기존 카드 보강 후보,,,,"인간 이해, 인류 역사, 유전자 편집, 과학혁명, 호모 사피엔스와 포스트휴먼 관점 보강 가능","인간 이해, 인류 역사, 유전자 편집, 과학혁명, 호모 사피엔스와 포스트휴먼 관점 보강 가능",book2_pdf_96_100_stage1_result.zip
97,2,27,26-30.pdf,삼대,염상섭,,book_167,booksrc_0167,기존 카드 보강 후보,,,,"세대 갈등, 자본주의, 가족주의, 전통 가치의 붕괴, 근대화의 사회 변화 분석에 활용 가능","세대 갈등, 자본주의, 가족주의, 전통 가치의 붕괴, 근대화의 사회 변화 분석에 활용 가능",book2_pdf_96_100_stage1_result.zip
98,2,28,26-30.pdf,선량한 차별주의자,김지혜,,book_168,booksrc_0168,기존 카드 보강 후보,,,,"차별, 공정함, 특권, 구조화된 불평등, 혐오 표현과 민주주의 위험 분석에 활용 가능","차별, 공정함, 특권, 구조화된 불평등, 혐오 표현과 민주주의 위험 분석에 활용 가능",book2_pdf_96_100_stage1_result.zip
99,2,29,26-30.pdf,성학십도,퇴계 이황,,book_169,booksrc_0169,기존 카드 보강 후보,,,,"이기이원론, 수양, 도덕성, 사단칠정, 인간 감정의 본성 분석에 활용 가능","이기이원론, 수양, 도덕성, 사단칠정, 인간 감정의 본성 분석에 활용 가능",book2_pdf_96_100_stage1_result.zip
100,2,30,26-30.pdf,소비의 사회,장 보드리야르,,book_170,booksrc_0170,기존 카드 보강 후보,,,,"기호소비, 정체성, 차이화, 시뮬라시옹, 현대 소비사회와 SNS 소비문화 분석에 활용 가능","기호소비, 정체성, 차이화, 시뮬라시옹, 현대 소비사회와 SNS 소비문화 분석에 활용 가능",book2_pdf_96_100_stage1_result.zip
101,2,31,31-35.pdf,시간의 역사,스티븐 호킹,,book_171,booksrc_0171,기존 카드 보강 후보,,,,"빅뱅, 블랙홀, 시간, 상대성 이론, 양자역학, 무경계 가설, 우주 기원 탐구 보강 가능","빅뱅, 블랙홀, 시간, 상대성 이론, 양자역학, 무경계 가설, 우주 기원 탐구 보강 가능",book2_pdf_101_105_stage1_result.zip
102,2,32,31-35.pdf,신곡,단테 알리기에리,,book_172,booksrc_0172,기존 카드 보강 후보,,,,"구원, 죄, 순례, 자유의지, 중세 종교관, 단테의 지옥 구조와 인간 구원관 분석에 활용 가능","구원, 죄, 순례, 자유의지, 중세 종교관, 단테의 지옥 구조와 인간 구원관 분석에 활용 가능",book2_pdf_101_105_stage1_result.zip
103,2,33,31-35.pdf,실천이성비판,임마누엘 칸트,,book_173,booksrc_0173,기존 카드 보강 후보,,,,"정언명령, 자율성, 도덕 법칙, 선의지, 의무론, 도덕 판단 기준 분석에 활용 가능","정언명령, 자율성, 도덕 법칙, 선의지, 의무론, 도덕 판단 기준 분석에 활용 가능",book2_pdf_101_105_stage1_result.zip
104,2,34,31-35.pdf,아리랑,님 웨일즈,,book_174,booksrc_0174,기존 카드 보강 후보,,,,"일제강점기, 조선 청년, 신념, 저항, 혁명과 이념 갈등, 역사 서사 분석에 활용 가능","일제강점기, 조선 청년, 신념, 저항, 혁명과 이념 갈등, 역사 서사 분석에 활용 가능",book2_pdf_101_105_stage1_result.zip
105,2,35,31-35.pdf,악의 꽃,샤를 보들레르,,book_175,booksrc_0175,기존 카드 보강 후보,,,,"욕망, 죄의식, 퇴폐미, 도시, 근대 문학, 예술가의 정체성과 도덕적 한계 분석에 활용 가능","욕망, 죄의식, 퇴폐미, 도시, 근대 문학, 예술가의 정체성과 도덕적 한계 분석에 활용 가능",book2_pdf_101_105_stage1_result.zip
106,2,36,36-40.pdf,양명학연론,정인보,,book_176,booksrc_0176,기존 카드 보강 후보,,,,"양명학, 실천 윤리, 지행합일, 조선 후기 사상, 도덕적 판단과 교육철학 보강 가능","양명학, 실천 윤리, 지행합일, 조선 후기 사상, 도덕적 판단과 교육철학 보강 가능",book2_pdf_106_110_stage1_result.zip
107,2,37,36-40.pdf,에밀,장 자크 루소,,book_177,booksrc_0177,기존 카드 보강 후보,,,,"자연주의 교육, 자율성, 도덕성, 발달 단계별 교육, AI 시대 교육철학 보강 가능","자연주의 교육, 자율성, 도덕성, 발달 단계별 교육, AI 시대 교육철학 보강 가능",book2_pdf_106_110_stage1_result.zip
108,2,38,36-40.pdf,역사란 무엇인가,E. H. 카,,book_178,booksrc_0178,기존 카드 보강 후보,,,,"역사 인식, 사실과 해석, 대중문화와 역사 재현, 역사 서술의 문제점 보강 가능","역사 인식, 사실과 해석, 대중문화와 역사 재현, 역사 서술의 문제점 보강 가능",book2_pdf_106_110_stage1_result.zip
109,2,39,36-40.pdf,연금술사,파울로 코엘료,,book_179,booksrc_0179,기존 카드 보강 후보,,,,"자아 탐색, 직관, 꿈과 운명, 선택과 책임, 성장 서사와 진로 탐구 보강 가능","자아 탐색, 직관, 꿈과 운명, 선택과 책임, 성장 서사와 진로 탐구 보강 가능",book2_pdf_106_110_stage1_result.zip
110,2,40,36-40.pdf,오만과 편견,제인 오스틴,,book_180,booksrc_0180,기존 카드 보강 후보,,,,"오만, 편견, 자율성, 결혼 제도, 사회적 기준과 개인 선택의 관계 보강 가능","오만, 편견, 자율성, 결혼 제도, 사회적 기준과 개인 선택의 관계 보강 가능",book2_pdf_106_110_stage1_result.zip
111,2,41,41-45.pdf,욕망 이론,자크 라캉,,book_181,booksrc_0181,기존 카드 보강 후보,,,,"무의식 구조, 타자의 욕망, 상징계와 언어, 주체 형성, SNS와 청소년 욕망 분석에 활용 가능","무의식 구조, 타자의 욕망, 상징계와 언어, 주체 형성, SNS와 청소년 욕망 분석에 활용 가능",book2_pdf_111_115_stage1_result.zip
112,2,42,41-45.pdf,우리는 왜 개는 사랑하고 돼지는 먹고 소는 신을까,멜라니 조이,,book_182,booksrc_0182,기존 카드 보강 후보,,,,"육식주의, 동물 윤리, 종차별주의, 비건 문화, 생명 윤리와 사회적 인식 분석에 활용 가능","육식주의, 동물 윤리, 종차별주의, 비건 문화, 생명 윤리와 사회적 인식 분석에 활용 가능",book2_pdf_111_115_stage1_result.zip
113,2,43,41-45.pdf,위대한 유산,찰스 디킨스,,book_183,booksrc_0183,기존 카드 보강 후보,,,,"계층 이동, 신사 문화, 경제적 후원, 사회적 성공, 산업사회와 개인 정체성 분석에 활용 가능","계층 이동, 신사 문화, 경제적 후원, 사회적 성공, 산업사회와 개인 정체성 분석에 활용 가능",book2_pdf_111_115_stage1_result.zip
114,2,44,41-45.pdf,의사 지바고,보리스 파스테르나크,,book_184,booksrc_0184,기존 카드 보강 후보,,,,"혁명과 개인, 예술가 구원, 윤리적 사랑, 자유의지, 전쟁과 혁명 속 개인 책임 분석에 활용 가능","혁명과 개인, 예술가 구원, 윤리적 사랑, 자유의지, 전쟁과 혁명 속 개인 책임 분석에 활용 가능",book2_pdf_111_115_stage1_result.zip
115,2,45,41-45.pdf,"의학, 인문으로 치유하다",예병일,,book_185,booksrc_0185,기존 카드 보강 후보,,,,"의료문학, 환자 중심 의료, 통합치료, 의료윤리, 맞춤형 의학과 의료 불평등 분석에 활용 가능","의료문학, 환자 중심 의료, 통합치료, 의료윤리, 맞춤형 의학과 의료 불평등 분석에 활용 가능",book2_pdf_111_115_stage1_result.zip
116,2,46,46-50.pdf,이반 데니소비치의 하루,알렉산드르 이사예비치 솔제니친,,book_186,booksrc_0186,기존 카드 보강 후보,,,,"수용소, 국가 안보, 개인의 존엄성, 생존 윤리, 전체주의 체제와 인간의 자유 분석에 활용 가능","수용소, 국가 안보, 개인의 존엄성, 생존 윤리, 전체주의 체제와 인간의 자유 분석에 활용 가능",book2_pdf_116_120_stage1_result.zip
117,2,47,46-50.pdf,이중나선,제임스 왓슨,,book_187,booksrc_0187,기존 카드 보강 후보,,,,"DNA 구조 발견, 과학적 협력과 경쟁, 연구 윤리, 데이터 활용, 생명과학 탐구 과정 분석에 활용 가능","DNA 구조 발견, 과학적 협력과 경쟁, 연구 윤리, 데이터 활용, 생명과학 탐구 과정 분석에 활용 가능",book2_pdf_116_120_stage1_result.zip
118,2,48,46-50.pdf,인간실격,다자이 오사무,,book_188,booksrc_0188,기존 카드 보강 후보,,,,"소외감, 정체성 혼란, 자기파괴, 인간관계, 사회적 책임과 정신건강 관점 분석에 활용 가능","소외감, 정체성 혼란, 자기파괴, 인간관계, 사회적 책임과 정신건강 관점 분석에 활용 가능",book2_pdf_116_120_stage1_result.zip
119,2,49,46-50.pdf,인수공통 모든 전염병의 열쇠,데이비드 콰먼,,book_189,booksrc_0189,기존 카드 보강 후보,,,,"원헬스, 인수공통감염병, 환경보전, 국제협력, 전염병 예방과 생태계 변화 분석에 활용 가능","원헬스, 인수공통감염병, 환경보전, 국제협력, 전염병 예방과 생태계 변화 분석에 활용 가능",book2_pdf_116_120_stage1_result.zip
120,2,50,46-50.pdf,입속에서 시작하는 미생물 이야기,김혜성,,book_190,booksrc_0190,기존 카드 보강 후보,,,,"구강 미생물, 건강지표, 정신건강, 맞춤치료, 표준화, 치의학·생명과학 탐구에 활용 가능","구강 미생물, 건강지표, 정신건강, 맞춤치료, 표준화, 치의학·생명과학 탐구에 활용 가능",book2_pdf_116_120_stage1_result.zip
121,2,51,51-55.pdf,자존감 수업,윤홍균,,book_191,booksrc_0191,기존 카드 보강 후보,,,,"자존감, 청소년, 인권의식, 또래관계, 사회관계망 서비스와 자기 인식 형성 분석에 활용 가능","자존감, 청소년, 인권의식, 또래관계, 사회관계망 서비스와 자기 인식 형성 분석에 활용 가능",book2_pdf_121_125_stage1_result.zip
122,2,52,51-55.pdf,젊은 음악가를 위한 슈만의 조언,스티븐 이설리스,,book_192,booksrc_0192,기존 카드 보강 후보,,,,"예술 해석, 음악적 성취, 연주자의 의도, 표현성, 시대와 문화에 따른 해석 변화 분석에 활용 가능","예술 해석, 음악적 성취, 연주자의 의도, 표현성, 시대와 문화에 따른 해석 변화 분석에 활용 가능",book2_pdf_121_125_stage1_result.zip
123,2,53,51-55.pdf,정의란 무엇인가,마이클 샌델,,book_193,booksrc_0193,기존 카드 보강 후보,,,,"공정성, 개인의 자유, 사회정의, 분배정의, 능력주의, 공정한 사회 구조 분석에 활용 가능","공정성, 개인의 자유, 사회정의, 분배정의, 능력주의, 공정한 사회 구조 분석에 활용 가능",book2_pdf_121_125_stage1_result.zip
124,2,54,51-55.pdf,제2의 성,시몬 드 보부아르,,book_194,booksrc_0194,기존 카드 보강 후보,,,,"젠더 불평등, 사회적 규범, 여성 주체성, 가부장제, 성평등 정책과 사회통합 분석에 활용 가능","젠더 불평등, 사회적 규범, 여성 주체성, 가부장제, 성평등 정책과 사회통합 분석에 활용 가능",book2_pdf_121_125_stage1_result.zip
125,2,55,51-55.pdf,"제인 에어 1,2",샬럿 브론테,,book_195,booksrc_0195,기존 카드 보강 후보,,,,"여성 주체성, 사랑과 자아실현, 문학 속 여성 인물, 사회참여와 주체성 강화 분석에 활용 가능","여성 주체성, 사랑과 자아실현, 문학 속 여성 인물, 사회참여와 주체성 강화 분석에 활용 가능",book2_pdf_121_125_stage1_result.zip
126,2,56,56-60.pdf,주홍글씨,나다니엘 호손,,book_196,booksrc_0196,기존 카드 보강 후보,,,,"죄의식, 낙인, 규범, 공동체, 사회변화, 개인의 비밀과 공적 질서의 관계 분석에 활용 가능","죄의식, 낙인, 규범, 공동체, 사회변화, 개인의 비밀과 공적 질서의 관계 분석에 활용 가능",book2_pdf_126_130_stage1_result.zip
127,2,57,56-60.pdf,참을 수 없는 존재의 가벼움,밀란 쿤데라,,book_197,booksrc_0197,기존 카드 보강 후보,,,,"가벼움과 무거움, 영원회귀, 키치, 개인의 자유와 역사적 책임, 실존주의적 선택 분석에 활용 가능","가벼움과 무거움, 영원회귀, 키치, 개인의 자유와 역사적 책임, 실존주의적 선택 분석에 활용 가능",book2_pdf_126_130_stage1_result.zip
128,2,58,56-60.pdf,철학적 탐구,비트겐슈타인,,book_198,booksrc_0198,기존 카드 보강 후보,,,,"언어 놀이, 가족 유사성, 사적 언어, 삶의 형식, 언어와 의미의 관계 분석에 활용 가능","언어 놀이, 가족 유사성, 사적 언어, 삶의 형식, 언어와 의미의 관계 분석에 활용 가능",book2_pdf_126_130_stage1_result.zip
129,2,59,56-60.pdf,치과의사는 입만 진료하지 않는다,이마타 오시로,,book_199,booksrc_0199,기존 카드 보강 후보,,,,"상류 의료, 병소 감염, 치과-내과 협진, 전신 건강, 구강 건강 관리 시스템 분석에 활용 가능","상류 의료, 병소 감염, 치과-내과 협진, 전신 건강, 구강 건강 관리 시스템 분석에 활용 가능",book2_pdf_126_130_stage1_result.zip
130,2,60,56-60.pdf,칸트와 헤겔의 철학,백종현,,book_200,booksrc_0200,기존 카드 보강 후보,,,,"칸트, 헤겔, 선험적 이성주의, 변증법, 정언명령과 자율, 근대 철학의 자유 개념 분석에 활용 가능","칸트, 헤겔, 선험적 이성주의, 변증법, 정언명령과 자율, 근대 철학의 자유 개념 분석에 활용 가능",book2_pdf_126_130_stage1_result.zip
131,2,61,61-65.pdf,택리지,이중환,,book_201,booksrc_0201,기존 카드 보강 후보,,,,"지리, 산수, 풍수, 인심, 생리, 조선 후기 거주지 조건과 인간-자연 관계 분석에 활용 가능","지리, 산수, 풍수, 인심, 생리, 조선 후기 거주지 조건과 인간-자연 관계 분석에 활용 가능",book2_pdf_131_135_stage1_result.zip
132,2,62,61-65.pdf,퇴계선집,이황,,book_202,booksrc_0202,기존 카드 보강 후보,,,,"경, 주리론, 성리학, 인간상, 리더십 모델, 현대 사회의 윤리적 리더십 비교에 활용 가능","경, 주리론, 성리학, 인간상, 리더십 모델, 현대 사회의 윤리적 리더십 비교에 활용 가능",book2_pdf_131_135_stage1_result.zip
133,2,63,61-65.pdf,팩트풀니스,한스 로슬링,,book_203,booksrc_0203,기존 카드 보강 후보,,,,"데이터 리터러시, 통계, 세계관, 언론 편향, 미디어 환경과 대중의 세계관 형성 분석에 활용 가능","데이터 리터러시, 통계, 세계관, 언론 편향, 미디어 환경과 대중의 세계관 형성 분석에 활용 가능",book2_pdf_131_135_stage1_result.zip
134,2,64,61-65.pdf,페스트,알베르 카뮈,,book_204,booksrc_0204,기존 카드 보강 후보,,,,"재난, 인간 존엄성, 실존 철학, 공동체, 국가 재난과 개인 자유의 관계 분석에 활용 가능","재난, 인간 존엄성, 실존 철학, 공동체, 국가 재난과 개인 자유의 관계 분석에 활용 가능",book2_pdf_131_135_stage1_result.zip
135,2,65,61-65.pdf,평균의 종말,토드 로즈,,book_205,booksrc_0205,기존 카드 보강 후보,,,,"평균주의, 개인 다양성, 창의성 교육, 개별화, 평균 중심 사회가 개인의 다양성 존중에 미치는 영향 분석에 활용 가능","평균주의, 개인 다양성, 창의성 교육, 개별화, 평균 중심 사회가 개인의 다양성 존중에 미치는 영향 분석에 활용 가능",book2_pdf_131_135_stage1_result.zip
136,2,66,66-70.pdf,필경사 바틀비,허먼 멜빌,,book_206,booksrc_0206,기존 카드 보강 후보,,,,"문명 질서, 노동, 소외, 자본주의, 수동적 저항과 사회적 단절 분석에 활용 가능","문명 질서, 노동, 소외, 자본주의, 수동적 저항과 사회적 단절 분석에 활용 가능",book2_pdf_136_140_stage1_result.zip
137,2,67,66-70.pdf,한국통사,박은식,,book_207,booksrc_0207,기존 카드 보강 후보,,,,"민족정신, 역사서술, 민족사관, 역사 인식, AI 시대 역사교육과 민족 정체성 분석에 활용 가능","민족정신, 역사서술, 민족사관, 역사 인식, AI 시대 역사교육과 민족 정체성 분석에 활용 가능",book2_pdf_136_140_stage1_result.zip
138,2,68,66-70.pdf,허클베리 핀의 모험,마크 트웨인,,book_208,booksrc_0208,기존 카드 보강 후보,,,,"인종차별, 모험, 성장, 자유, 문명과 도덕의 갈등, 인간의 자율성 분석에 활용 가능","인종차별, 모험, 성장, 자유, 문명과 도덕의 갈등, 인간의 자율성 분석에 활용 가능",book2_pdf_136_140_stage1_result.zip
139,2,69,66-70.pdf,혁명의 시대,에릭 홉스봄,,book_209,booksrc_0209,기존 카드 보강 후보,,,,"세계사, 프랑스 혁명, 산업혁명, 자유주의, 사회변동과 혁명 구조 분석에 활용 가능","세계사, 프랑스 혁명, 산업혁명, 자유주의, 사회변동과 혁명 구조 분석에 활용 가능",book2_pdf_136_140_stage1_result.zip
140,2,70,66-70.pdf,황야의 늑대,헤르만 헤세,,book_210,booksrc_0210,기존 카드 보강 후보,,,,"분열, 이성, 자아 탐색, 고독한 자유, 현대 문학, 개인과 사회의 갈등 분석에 활용 가능","분열, 이성, 자아 탐색, 고독한 자유, 현대 문학, 개인과 사회의 갈등 분석에 활용 가능",book2_pdf_136_140_stage1_result.zip
141,3,01,1-5.pdf,간디 자서전,마하트마 간디,,,booksrc_0071,기존 source 보강 후보,,,,"양심, 시민 불복종, 법적 정당화, 비폭력주의, 개인의 신념과 사회적 책임 분석에 활용 가능","양심, 시민 불복종, 법적 정당화, 비폭력주의, 개인의 신념과 사회적 책임 분석에 활용 가능",book3_pdf_141_145_stage1_result.zip
142,3,02,1-5.pdf,같기도 하고 아니 같기도 하고,로얼드 호프만,,,booksrc_0072,기존 source 보강 후보 / 제목 표기 확인 필요,,,,"과학기술과 윤리, 과학 커뮤니케이션, 사회적 책임, 유전자 편집과 과학자의 책임 분석에 활용 가능","과학기술과 윤리, 과학 커뮤니케이션, 사회적 책임, 유전자 편집과 과학자의 책임 분석에 활용 가능",book3_pdf_141_145_stage1_result.zip
143,3,03,1-5.pdf,검찰관,니콜라이 고골,,,booksrc_0073,기존 source 보강 후보,,,,"풍자, 권력, 부패, 표현의 자유, 사회제도와 부패 문제 분석에 활용 가능","풍자, 권력, 부패, 표현의 자유, 사회제도와 부패 문제 분석에 활용 가능",book3_pdf_141_145_stage1_result.zip
144,3,04,1-5.pdf,고도를 기다리며,사무엘 베케트,,,booksrc_0074,기존 source 보강 후보,,,,"부조리극, 실존주의, 기다림, 인간 심리, 삶의 의미와 불확실성 분석에 활용 가능","부조리극, 실존주의, 기다림, 인간 심리, 삶의 의미와 불확실성 분석에 활용 가능",book3_pdf_141_145_stage1_result.zip
145,3,05,1-5.pdf,"고용, 이자 및 화폐의 일반이론",J. M. 케인스,,,booksrc_0075,기존 source 보강 후보,,,,"경기 불황, 유효수요, 정부 개입, 케인스 일반이론, 경제정책과 불황 대응 분석에 활용 가능","경기 불황, 유효수요, 정부 개입, 케인스 일반이론, 경제정책과 불황 대응 분석에 활용 가능",book3_pdf_141_145_stage1_result.zip
146,3,06,6-10.pdf,과학혁명의 구조,토마스 쿤,,,booksrc_0076,기존 source 보강 후보,,,,"정상과학, 패러다임, 과학혁명, 공약불가능성, AI 중심 연구와 과학 패러다임 전환 분석에 활용 가능","정상과학, 패러다임, 과학혁명, 공약불가능성, AI 중심 연구와 과학 패러다임 전환 분석에 활용 가능",book3_pdf_146_150_stage1_result.zip
147,3,07,6-10.pdf,구운몽,김만중,,,booksrc_0077,기존 source 보강 후보,,,,"인생무상, 세속적 욕망, 문학치료, 문학 교육, 인간 삶의 의미와 욕망 구조 분석에 활용 가능","인생무상, 세속적 욕망, 문학치료, 문학 교육, 인간 삶의 의미와 욕망 구조 분석에 활용 가능",book3_pdf_146_150_stage1_result.zip
148,3,08,6-10.pdf,국부론,애덤 스미스,,,booksrc_0078,기존 source 보강 후보,,,,"자본주의, 보이지 않는 손, 자유무역, 보호무역, 도덕감정론, 시장 원리와 사회복지의 관계 분석에 활용 가능","자본주의, 보이지 않는 손, 자유무역, 보호무역, 도덕감정론, 시장 원리와 사회복지의 관계 분석에 활용 가능",book3_pdf_146_150_stage1_result.zip
149,3,09,6-10.pdf,그람시의 옥중수고,안토니오 그람시,,,booksrc_0079,기존 source 보강 후보,,,,"헤게모니, 문화, 계급투쟁, 저항, 민주주의, 지식인의 사회적 역할과 문화 권력 분석에 활용 가능","헤게모니, 문화, 계급투쟁, 저항, 민주주의, 지식인의 사회적 역할과 문화 권력 분석에 활용 가능",book3_pdf_146_150_stage1_result.zip
150,3,10,6-10.pdf,금오신화,김시습,,,booksrc_0080,기존 source 보강 후보,,,,"비극적 결말, 독자성, 외재적 관점, 문학사적 의의, 조선 전기 서사와 환상성 분석에 활용 가능","비극적 결말, 독자성, 외재적 관점, 문학사적 의의, 조선 전기 서사와 환상성 분석에 활용 가능",book3_pdf_146_150_stage1_result.zip
151,3,11,11-15.pdf,"나는 간호사, 사람입니다",김현아,,,booksrc_0081,기존 source 보강 후보,,,,"의료 산업화, 근로 시간, 교대제, 수가체계, 간호 인력 배치, 간호사 권리 보장과 사회적 비용 분석에 활용 가능","의료 산업화, 근로 시간, 교대제, 수가체계, 간호 인력 배치, 간호사 권리 보장과 사회적 비용 분석에 활용 가능",book3_pdf_151_155_stage1_result.zip
152,3,12,11-15.pdf,논어,공자,,,booksrc_0082,기존 source 보강 후보,,,,"공자, 리더십, 인, 협력, 현대사회 리더십, 자기주도학습 모델 개발에 활용 가능","공자, 리더십, 인, 협력, 현대사회 리더십, 자기주도학습 모델 개발에 활용 가능",book3_pdf_151_155_stage1_result.zip
153,3,13,11-15.pdf,다정한 것이 살아남는다,브라이언 헤어,,,booksrc_0083,기존 source 보강 후보,,,,"사회성, 협동, 호르몬, 동물 행동, 다정함, 청소년 관계 형성과 협력성 분석에 활용 가능","사회성, 협동, 호르몬, 동물 행동, 다정함, 청소년 관계 형성과 협력성 분석에 활용 가능",book3_pdf_151_155_stage1_result.zip
154,3,14,11-15.pdf,대한민국의 시험,이혜정,,,booksrc_0084,기존 source 보강 후보,,,,"PISA, 성장 중심 평가, 학교 교육, 학생 평가, IB 프로그램, 학생 자기 주도 학습 역량 분석에 활용 가능","PISA, 성장 중심 평가, 학교 교육, 학생 평가, IB 프로그램, 학생 자기 주도 학습 역량 분석에 활용 가능",book3_pdf_151_155_stage1_result.zip
155,3,15,11-15.pdf,도덕적 인간과 비도덕적 사회,라인홀드 니버,,,booksrc_0085,기존 source 보강 후보,,,,"민주주의, 시민사회, 권력, 자유, 비판적 운동, 사회 정의와 법 제도의 관계 분석에 활용 가능","민주주의, 시민사회, 권력, 자유, 비판적 운동, 사회 정의와 법 제도의 관계 분석에 활용 가능",book3_pdf_151_155_stage1_result.zip
156,3,16,16-20.pdf,동물들의 인간 심판,표기 확인 필요,,,booksrc_0086,기존 source 보강 후보 / 저자 표기 확인 필요,,,,"기후 위기, 다문화주의, 동물권, 환경윤리, 인간중심주의와 소비 자유의 한계 분석에 활용 가능","기후 위기, 다문화주의, 동물권, 환경윤리, 인간중심주의와 소비 자유의 한계 분석에 활용 가능",book3_pdf_156_160_stage1_result.zip
157,3,17,16-20.pdf,딥스,버지니아 M. 액슬린,,,booksrc_0087,기존 source 보강 후보,,,,"놀이치료, 언어치료, 예술치료, 물리치료, 아동 심리와 사회적 개입 방식 분석에 활용 가능","놀이치료, 언어치료, 예술치료, 물리치료, 아동 심리와 사회적 개입 방식 분석에 활용 가능",book3_pdf_156_160_stage1_result.zip
158,3,18,16-20.pdf,말테의 수기,라이너 마리아 릴케,,,booksrc_0088,기존 source 보강 후보,,,,"실존주의, 휴머니즘, 고독, 소통, 현대 도시사회 속 개인의 정체성 분석에 활용 가능","실존주의, 휴머니즘, 고독, 소통, 현대 도시사회 속 개인의 정체성 분석에 활용 가능",book3_pdf_156_160_stage1_result.zip
159,3,19,16-20.pdf,모비딕,허먼 멜빌,,,booksrc_0089,기존 source 보강 후보,,,,"고전 문학, 휴머니즘, 리더십, 모비 딕, 복수심과 리더의 역할 분석에 활용 가능","고전 문학, 휴머니즘, 리더십, 모비 딕, 복수심과 리더의 역할 분석에 활용 가능",book3_pdf_156_160_stage1_result.zip
160,3,20,16-20.pdf,문명화 과정,노르베르트 엘리아스,,,booksrc_0090,기존 source 보강 후보,,,,"스포츠 문화, 매너, 주식 문화, 팬 문화, 문명화와 자연스러운 본능 억제 분석에 활용 가능","스포츠 문화, 매너, 주식 문화, 팬 문화, 문명화와 자연스러운 본능 억제 분석에 활용 가능",book3_pdf_156_160_stage1_result.zip
161,3,21,21-25.pdf,미국의 민주주의,알렉시스 드 토크빌,,,booksrc_0091,기존 source 보강 후보,,,,"미국 민주주의, 인공지능, 평등, 민주주의 가치, 여론과 다수의 압력 분석에 활용 가능","미국 민주주의, 인공지능, 평등, 민주주의 가치, 여론과 다수의 압력 분석에 활용 가능",book3_pdf_161_165_stage1_result.zip
162,3,22,21-25.pdf,미움받을 용기,"기시미 이치로, 고가 후미타케",,,booksrc_0092,기존 source 보강 후보,,,,"인정 욕구, 자기결정성, 자아정체성, 현재 선택, 타인의 인정과 자아형성의 관계 분석에 활용 가능","인정 욕구, 자기결정성, 자아정체성, 현재 선택, 타인의 인정과 자아형성의 관계 분석에 활용 가능",book3_pdf_161_165_stage1_result.zip
163,3,23,21-25.pdf,백년 동안의 고독,G. 마르케스,,,booksrc_0093,기존 source 보강 후보,,,,"마술적 리얼리즘, 고독과 환상, 라틴아메리카 역사, 혈통과 서사 구조 분석에 활용 가능","마술적 리얼리즘, 고독과 환상, 라틴아메리카 역사, 혈통과 서사 구조 분석에 활용 가능",book3_pdf_161_165_stage1_result.zip
164,3,24,21-25.pdf,법의 정신,몽테스키외,,,booksrc_0094,기존 source 보강 후보,,,,"권력 분립, 법의 정신, 계몽주의, 자연민주주의, 민주사회에서 법과 자유의 관계 분석에 활용 가능","권력 분립, 법의 정신, 계몽주의, 자연민주주의, 민주사회에서 법과 자유의 관계 분석에 활용 가능",book3_pdf_161_165_stage1_result.zip
165,3,25,21-25.pdf,변신이야기,오비디우스,,,booksrc_0095,기존 source 보강 후보,,,,"변신, 욕망, 정체성, 처벌, 권력, 인간 정체성과 윤리 의식 형성 분석에 활용 가능","변신, 욕망, 정체성, 처벌, 권력, 인간 정체성과 윤리 의식 형성 분석에 활용 가능",book3_pdf_161_165_stage1_result.zip
166,3,26,26-30.pdf,보바리 부인,귀스타브 플로베르,,,booksrc_0096,기존 source 보강 후보,,,,"계급 의식, 사회 규범, 여성 주체성, 자기실현, 19세기 프랑스 사회의 여성 한계 분석에 활용 가능","계급 의식, 사회 규범, 여성 주체성, 자기실현, 19세기 프랑스 사회의 여성 한계 분석에 활용 가능",book3_pdf_166_170_stage1_result.zip
167,3,27,26-30.pdf,비통한 자들을 위한 정치학,파커 J. 파머,,,booksrc_0097,기존 source 보강 후보,,,,"공감 정치, 공적 서사 회복, 마음의 민주주의, 분노 초월, 현대 민주주의와 정치적 자유 분석에 활용 가능","공감 정치, 공적 서사 회복, 마음의 민주주의, 분노 초월, 현대 민주주의와 정치적 자유 분석에 활용 가능",book3_pdf_166_170_stage1_result.zip
168,3,28,26-30.pdf,"사람, 장소, 환대",김현경,,,booksrc_0098,기존 source 보강 후보,,,,"난민, 이민정책, 인간 환대, 상호문화, 장소성과 소속감, 공동체 윤리 분석에 활용 가능","난민, 이민정책, 인간 환대, 상호문화, 장소성과 소속감, 공동체 윤리 분석에 활용 가능",book3_pdf_166_170_stage1_result.zip
169,3,29,26-30.pdf,사회계약론,장 자크 루소,,,booksrc_0099,기존 source 보강 후보,,,,"계몽주의, 공동선, 일반의지, 정치사상, 현대 민주주의와 시민 자유 분석에 활용 가능","계몽주의, 공동선, 일반의지, 정치사상, 현대 민주주의와 시민 자유 분석에 활용 가능",book3_pdf_166_170_stage1_result.zip
170,3,30,26-30.pdf,새로운 약은 어떻게 창조되나,교토대학교대학원약학연구과,,,booksrc_0100,기존 source 보강 후보,,,,"데이터 분석, 플랫폼, 엑소좀, 치료제, DDS, AI 기반 신약 개발과 임상시험 효율화 분석에 활용 가능","데이터 분석, 플랫폼, 엑소좀, 치료제, DDS, AI 기반 신약 개발과 임상시험 효율화 분석에 활용 가능",book3_pdf_166_170_stage1_result.zip
171,3,31,31-35.pdf,설국,가와바타 야스나리,,,booksrc_0101,기존 source 보강 후보,,,,"인지적 착각, 자기합리화, 학습된 무력감, 허무주의, 인간을 진정으로 대하는 태도와 사회적 가치 분석에 활용 가능","인지적 착각, 자기합리화, 학습된 무력감, 허무주의, 인간을 진정으로 대하는 태도와 사회적 가치 분석에 활용 가능",book3_pdf_171_175_stage1_result.zip
172,3,32,31-35.pdf,성학집요,율곡 이이,,,booksrc_0102,기존 source 보강 후보,,,,"대통령, 리더십, 마키아벨리, 민주주의, 통치 능력과 도덕적 수양의 관계 분석에 활용 가능","대통령, 리더십, 마키아벨리, 민주주의, 통치 능력과 도덕적 수양의 관계 분석에 활용 가능",book3_pdf_171_175_stage1_result.zip
173,3,33,31-35.pdf,수레바퀴 아래서,헤르만 헤세,,,booksrc_0103,기존 source 보강 후보,,,,"획일화된 교육, 자아 상실, 성찰, 개인의 고유성과 주체성, 교육 시스템과 학생 성장 분석에 활용 가능","획일화된 교육, 자아 상실, 성찰, 개인의 고유성과 주체성, 교육 시스템과 학생 성장 분석에 활용 가능",book3_pdf_171_175_stage1_result.zip
174,3,34,31-35.pdf,숨결이 바람 될 때,폴 칼라니티,,,booksrc_0104,기존 source 보강 후보,,,,"죽음, 삶의 질, 자율성, 의미 추구, 생명의 본질, 의학과 환자 삶의 가치 분석에 활용 가능","죽음, 삶의 질, 자율성, 의미 추구, 생명의 본질, 의학과 환자 삶의 가치 분석에 활용 가능",book3_pdf_171_175_stage1_result.zip
175,3,35,31-35.pdf,시경,작자 미상,,,booksrc_0105,기존 source 보강 후보,,,,"도덕, 예, 효, 정치, 풍속, 풍자, 고전 문학의 윤리적 교훈과 현대사회 적용 가능성 분석에 활용 가능","도덕, 예, 효, 정치, 풍속, 풍자, 고전 문학의 윤리적 교훈과 현대사회 적용 가능성 분석에 활용 가능",book3_pdf_171_175_stage1_result.zip
176,3,36,36-40.pdf,신기관,프랜시스 베이컨,,,booksrc_0106,기존 source 보강 후보,,,,"귀납법, 우상, 경험주의, 과학적 방법, 비판적 사고와 현대사회 우상 분석에 활용 가능","귀납법, 우상, 경험주의, 과학적 방법, 비판적 사고와 현대사회 우상 분석에 활용 가능",book3_pdf_176_180_stage1_result.zip
177,3,37,36-40.pdf,아내를 모자로 착각한 남자,올리버 색스,,,booksrc_0107,기존 source 보강 후보,,,,"시각 실인증, 신경학적 장애, 환자 중심 의료, 공감과 이해, 뇌 질환 환자 삶의 질 분석에 활용 가능","시각 실인증, 신경학적 장애, 환자 중심 의료, 공감과 이해, 뇌 질환 환자 삶의 질 분석에 활용 가능",book3_pdf_176_180_stage1_result.zip
178,3,38,36-40.pdf,아픔이 길이 되려면,김승섭,,,booksrc_0108,기존 source 보강 후보,,,,"건강불평등, 사회역학, 구조적 차별, 건강권, 사회적 불평등과 개인 건강의 관계 분석에 활용 가능","건강불평등, 사회역학, 구조적 차별, 건강권, 사회적 불평등과 개인 건강의 관계 분석에 활용 가능",book3_pdf_176_180_stage1_result.zip
179,3,39,36-40.pdf,안나 카레니나,레프 톨스토이,,,booksrc_0109,기존 source 보강 후보,,,,"사랑, 사회 규범, 자유의지, 사회적 평판, 개인의 삶과 행복에 미치는 규범의 영향 분석에 활용 가능","사랑, 사회 규범, 자유의지, 사회적 평판, 개인의 삶과 행복에 미치는 규범의 영향 분석에 활용 가능",book3_pdf_176_180_stage1_result.zip
180,3,40,36-40.pdf,양철북,귄터 그라스,,,booksrc_0110,기존 source 보강 후보,,,,"기억, 망각, 저항, 집단 책임, 전쟁의 상흔, 역사적 비극 재발 방지를 위한 사회적 기억 분석에 활용 가능","기억, 망각, 저항, 집단 책임, 전쟁의 상흔, 역사적 비극 재발 방지를 위한 사회적 기억 분석에 활용 가능",book3_pdf_176_180_stage1_result.zip
181,3,41,41-45.pdf,엔트로피,제레미 리프킨,,,booksrc_0111,기존 source 보강 후보,,,,"열역학 제2법칙, 에너지 고갈, 환경 파괴, 기계론적 세계관, 지속가능성, 재생 에너지와 문명 전환 분석에 활용 가능","열역학 제2법칙, 에너지 고갈, 환경 파괴, 기계론적 세계관, 지속가능성, 재생 에너지와 문명 전환 분석에 활용 가능",book3_pdf_181_185_stage1_result.zip
182,3,42,41-45.pdf,역사를 위한 변명,마르크 블로크,,,booksrc_0112,기존 source 보강 후보,,,,"역사 해석, 객관성과 주관성, 역사교육, 인문주의, 엘리트 중심 교육, 역사 서술의 관점과 사회적 책임 분석에 활용 가능","역사 해석, 객관성과 주관성, 역사교육, 인문주의, 엘리트 중심 교육, 역사 서술의 관점과 사회적 책임 분석에 활용 가능",book3_pdf_181_185_stage1_result.zip
183,3,43,41-45.pdf,열하일기,박지원,,,booksrc_0113,기존 source 보강 후보,,,,"연암 박지원, 열하일기, 문화 교류, 담론, 양반과 국가, 과거제, 사화 구조와 지식인의 역할 분석에 활용 가능","연암 박지원, 열하일기, 문화 교류, 담론, 양반과 국가, 과거제, 사화 구조와 지식인의 역할 분석에 활용 가능",book3_pdf_181_185_stage1_result.zip
184,3,44,41-45.pdf,오래된 미래,헬레나 노르베리 호지,,,booksrc_0114,기존 source 보강 후보,,,,"개발, 농촌, 생태계 회복, 인간 중심, 물질적 성장, 지속가능발전, 지역 공동체와 경제 성장의 균형 분석에 활용 가능","개발, 농촌, 생태계 회복, 인간 중심, 물질적 성장, 지속가능발전, 지역 공동체와 경제 성장의 균형 분석에 활용 가능",book3_pdf_181_185_stage1_result.zip
185,3,45,41-45.pdf,우리 시대의 동물 해방,피터 싱어,,,booksrc_0115,기존 source 보강 후보,,,,"동물권, 동물 복지, 인간의 도덕적 잣대, 동물 해방, 공장식 축산, 식물 문제, 과학 연구와 산업이 동물에 미치는 영향 분석에 활용 가능","동물권, 동물 복지, 인간의 도덕적 잣대, 동물 해방, 공장식 축산, 식물 문제, 과학 연구와 산업이 동물에 미치는 영향 분석에 활용 가능",book3_pdf_181_185_stage1_result.zip
186,3,46,46-50.pdf,우파니샤드,정창영,,,booksrc_0116,기존 source 보강 후보,,,,"삶과 죽음, 무집착, 신앙, 이성, 욕망, 윤회, 범아일여, 명상, 고대 인도 철학과 현대사회 삶의 태도 분석에 활용 가능","삶과 죽음, 무집착, 신앙, 이성, 욕망, 윤회, 범아일여, 명상, 고대 인도 철학과 현대사회 삶의 태도 분석에 활용 가능",book3_pdf_186_190_stage1_result.zip
187,3,47,46-50.pdf,의사소통 행위이론,위르겐 하버마스,,,booksrc_0117,기존 source 보강 후보,,,,"공론장, 심의민주주의, 의사소통, 댓글, 알고리즘, 동등성, 민주주의와 온라인 토론 문화 분석에 활용 가능","공론장, 심의민주주의, 의사소통, 댓글, 알고리즘, 동등성, 민주주의와 온라인 토론 문화 분석에 활용 가능",book3_pdf_186_190_stage1_result.zip
188,3,48,46-50.pdf,이것은 미술이 아니다,메리 앤 스타니스제프스키,,,booksrc_0118,기존 source 보강 후보,,,,"예술의 종말, 해석과 담론, 다원주의, 시각중심주의, 공공미술, 사회문화적 맥락에서 예술 가치 분석에 활용 가능","예술의 종말, 해석과 담론, 다원주의, 시각중심주의, 공공미술, 사회문화적 맥락에서 예술 가치 분석에 활용 가능",book3_pdf_186_190_stage1_result.zip
189,3,49,46-50.pdf,이방인,알베르 카뮈,,,booksrc_0119,기존 source 보강 후보,,,,"법치와 도덕, 부조리, 청소년 비행, 회복적 사법, 사회 규범, 타인의 시선과 법적 판단의 관계 분석에 활용 가능","법치와 도덕, 부조리, 청소년 비행, 회복적 사법, 사회 규범, 타인의 시선과 법적 판단의 관계 분석에 활용 가능",book3_pdf_186_190_stage1_result.zip
190,3,50,46-50.pdf,이탈리아 르네상스 문화,야코프 부르크하르트,,,booksrc_0120,기존 source 보강 후보,,,,"르네상스, 인문주의 고전, 예술과 사회, 예술 결합, 창의성, 삽입성, 인간 중심 사상과 현대 교육·문화 발전 분석에 활용 가능","르네상스, 인문주의 고전, 예술과 사회, 예술 결합, 창의성, 삽입성, 인간 중심 사상과 현대 교육·문화 발전 분석에 활용 가능",book3_pdf_186_190_stage1_result.zip
191,3,51,51-55.pdf,인간의 조건,앙드레 말로,,,booksrc_0121,기존 source 보강 후보,,,,"생존, 신념, 연대, 인간 존엄, 폭력, 폭력적 현실 속 윤리적 딜레마와 책임 분석에 활용 가능","생존, 신념, 연대, 인간 존엄, 폭력, 폭력적 현실 속 윤리적 딜레마와 책임 분석에 활용 가능",book3_pdf_191_195_stage1_result.zip
192,3,52,51-55.pdf,일차원적 인간,H. 마르쿠제,,,booksrc_0122,기존 source 보강 후보,,,,"자본주의 리얼리즘, 자유의 제한, 대안 부재 인식, 대중문화와 소비자의 비판적 사고 분석에 활용 가능","자본주의 리얼리즘, 자유의 제한, 대안 부재 인식, 대중문화와 소비자의 비판적 사고 분석에 활용 가능",book3_pdf_191_195_stage1_result.zip
193,3,53,51-55.pdf,자본론,카를 마르크스,,,booksrc_0123,기존 source 보강 후보,,,,"자본, 불평등, 제도, 노동, 발전, 자동화와 AI 기술 발전이 노동시장과 일자리 양극화에 미치는 영향 분석에 활용 가능","자본, 불평등, 제도, 노동, 발전, 자동화와 AI 기술 발전이 노동시장과 일자리 양극화에 미치는 영향 분석에 활용 가능",book3_pdf_191_195_stage1_result.zip
194,3,54,51-55.pdf,적과 흑,스탕달,,,booksrc_0124,기존 source 보강 후보,,,,"능력주의, 사회적 자본, 불평등, 신분 상승 욕망, 개인 노력과 사회 구조의 관계 분석에 활용 가능","능력주의, 사회적 자본, 불평등, 신분 상승 욕망, 개인 노력과 사회 구조의 관계 분석에 활용 가능",book3_pdf_191_195_stage1_result.zip
195,3,55,51-55.pdf,정의론,존 롤스,,,booksrc_0125,기존 source 보강 후보,,,,"공정성, 평등, 능력주의, 분배 정의, 교육 기회의 불평등과 청소년 진로 선택의 관계 분석에 활용 가능","공정성, 평등, 능력주의, 분배 정의, 교육 기회의 불평등과 청소년 진로 선택의 관계 분석에 활용 가능",book3_pdf_191_195_stage1_result.zip
196,3,56,56-60.pdf,제3의 물결,앨빈 토플러,,,booksrc_0126,기존 source 보강 후보,,,,"기술 혁신, 사회적 고립, 정보화, 공동체, 불평등, 지식 사회와 지속가능한 발전의 관계 분석에 활용 가능","기술 혁신, 사회적 고립, 정보화, 공동체, 불평등, 지식 사회와 지속가능한 발전의 관계 분석에 활용 가능",book3_pdf_196_200_stage1_result.zip
197,3,57,56-60.pdf,죽은 경제학자의 살아있는 아이디어,토드 부크홀츠,,,booksrc_0127,기존 source 보강 후보,,,,"기술, 불평등, 제도, 선택, 산업혁명, 시장 구조 변화와 사회적 격차 분석에 활용 가능","기술, 불평등, 제도, 선택, 산업혁명, 시장 구조 변화와 사회적 격차 분석에 활용 가능",book3_pdf_196_200_stage1_result.zip
198,3,58,56-60.pdf,채식주의자,한강,,,booksrc_0128,기존 source 보강 후보,,,,"고통, 폭력, 인간 존엄, 연대, 진실, 신체와 자유, 비폭력적 저항이 사회에 미치는 영향 분석에 활용 가능","고통, 폭력, 인간 존엄, 연대, 진실, 신체와 자유, 비폭력적 저항이 사회에 미치는 영향 분석에 활용 가능",book3_pdf_196_200_stage1_result.zip
199,3,59,56-60.pdf,"총, 균, 쇠",재레드 다이아몬드,,,booksrc_0129,기존 source 보강 후보,,,,"기후, 기후 변화, 지리적 조건, 기후와 경제성장, 기술 발전과 지리적 한계 분석에 활용 가능","기후, 기후 변화, 지리적 조건, 기후와 경제성장, 기술 발전과 지리적 한계 분석에 활용 가능",book3_pdf_196_200_stage1_result.zip
200,3,60,56-60.pdf,침묵의 봄,레이첼 카슨,,,booksrc_0130,기존 source 보강 후보,,,,"화학물질, 환경 문제, 합성 유기화합물, 생물 다양성, 인간 편의와 생태계 교란의 관계 분석에 활용 가능","화학물질, 환경 문제, 합성 유기화합물, 생물 다양성, 인간 편의와 생태계 교란의 관계 분석에 활용 가능",book3_pdf_196_200_stage1_result.zip
201,3,61,61-65.pdf,카인의 후예,황순원,,,booksrc_0131,기존 source 보강 후보,,,,"이념 갈등, 분단, 갈등, 공동체, 해방, 극단적 사회 갈등 속 개인의 윤리적 선택과 감정 분석에 활용 가능","이념 갈등, 분단, 갈등, 공동체, 해방, 극단적 사회 갈등 속 개인의 윤리적 선택과 감정 분석에 활용 가능",book3_pdf_201_205_stage1_result.zip
202,3,62,61-65.pdf,태평천하,채만식,,,booksrc_0132,기존 source 보강 후보,,,,"세습, 기득권, 불평등, 격차, 재생산, 사회적 불평등과 계층 이동의 관계 분석에 활용 가능","세습, 기득권, 불평등, 격차, 재생산, 사회적 불평등과 계층 이동의 관계 분석에 활용 가능",book3_pdf_201_205_stage1_result.zip
203,3,63,61-65.pdf,통치론,존 로크,,,booksrc_0133,기존 source 보강 후보,,,,"시민권, 자유-개인주의 교육관, 경험주의, 자연권, 국가 권력과 개인 재산권의 관계 분석에 활용 가능","시민권, 자유-개인주의 교육관, 경험주의, 자연권, 국가 권력과 개인 재산권의 관계 분석에 활용 가능",book3_pdf_201_205_stage1_result.zip
204,3,64,61-65.pdf,"파타고니아, 파도가 칠 때는 서핑을",이본 쉬나드,,,booksrc_0134,기존 source 보강 후보,,,,"ESG 경영, 기업철학, 브랜드, 지속 가능 성장, 환경 보호와 기업의 사회적 책임 분석에 활용 가능","ESG 경영, 기업철학, 브랜드, 지속 가능 성장, 환경 보호와 기업의 사회적 책임 분석에 활용 가능",book3_pdf_201_205_stage1_result.zip
205,3,65,61-65.pdf,페르마의 마지막 정리,사이먼 싱,,,booksrc_0135,기존 source 보강 후보,,,,"수학, 과학, 실생활 문제해결, 창의적 사고, 수학적 사고력, 수학 발전과 증명 과정의 의미 분석에 활용 가능","수학, 과학, 실생활 문제해결, 창의적 사고, 수학적 사고력, 수학 발전과 증명 과정의 의미 분석에 활용 가능",book3_pdf_201_205_stage1_result.zip
206,3,66,66-70.pdf,펭귄과 리바이어던,요차이 벤클러,,,booksrc_0136,기존 source 보강 후보,,,,"플랫폼 경제, 공유 경제, 에너지 전환, 에너지 공유, 협력적 지성, 자발적 사회 참여와 협력이 개인의 창의성에 미치는 영향 분석에 활용 가능","플랫폼 경제, 공유 경제, 에너지 전환, 에너지 공유, 협력적 지성, 자발적 사회 참여와 협력이 개인의 창의성에 미치는 영향 분석에 활용 가능",book3_pdf_206_210_stage1_result.zip
207,3,67,66-70.pdf,프로테스탄트 윤리와 자본주의 정신,막스 베버,,,booksrc_0137,기존 source 보강 후보,,,,"프로테스탄트 윤리, 자본주의, 새로운 리더십, 민주주의, 금욕적 삶과 경제적 성공, 종교 윤리와 자본주의 발전 분석에 활용 가능","프로테스탄트 윤리, 자본주의, 새로운 리더십, 민주주의, 금욕적 삶과 경제적 성공, 종교 윤리와 자본주의 발전 분석에 활용 가능",book3_pdf_206_210_stage1_result.zip
208,3,68,66-70.pdf,하노버에서 온 음악편지,손열음,,,booksrc_0138,기존 source 보강 후보,,,,"추상표현주의, 예술의 본질, 국악과 서양 음악 융합, 예술 창작, 음악가의 삶과 예술 철학 분석에 활용 가능","추상표현주의, 예술의 본질, 국악과 서양 음악 융합, 예술 창작, 음악가의 삶과 예술 철학 분석에 활용 가능",book3_pdf_206_210_stage1_result.zip
209,3,69,66-70.pdf,한중록,혜경궁 홍씨,,,booksrc_0139,기존 source 보강 후보,,,,"창선감의록, 유교적 가치관, 인간 내면, 한중록, 역사 기록과 객관적 사실, 기록자의 관점과 사적인 감정 분석에 활용 가능","창선감의록, 유교적 가치관, 인간 내면, 한중록, 역사 기록과 객관적 사실, 기록자의 관점과 사적인 감정 분석에 활용 가능",book3_pdf_206_210_stage1_result.zip
210,3,70,66-70.pdf,혼돈으로부터의 질서,"일리야 프리고진, 이자벨 스텐저스",,,booksrc_0140,기존 source 보강 후보,,,,"혼돈과 질서, 카오스 이론, 르네상스, 기후 시스템, 자연 속 예측 가능성과 창의성의 관계 분석에 활용 가능","혼돈과 질서, 카오스 이론, 르네상스, 기후 시스템, 자연 속 예측 가능성과 창의성의 관계 분석에 활용 가능",book3_pdf_206_210_stage1_result.zip
